RK,NAME,TEAM,POS,GMS,YDS,TD,INT,YDS,TD,REC,YDS,TD,SCK,INT,FF,FR,FPTS/G,FPTS
1,Josh Allen,BUF,QB,16,4544,37,10,421,8,1,12,1,0,0,0,0,24.7,395.06
2,Aaron Rodgers,GB,QB,16,4299,48,5,149,3,1,-6,0,0,0,0,0,23.9,382.26
3,Kyler Murray,ARI,QB,16,3971,26,12,819,11,0,0,0,0,0,0,0,23.7,378.74
4,Patrick Mahomes,KC,QB,15,4740,38,6,308,2,0,0,0,0,0,0,0,25,374.4
5,Deshaun Watson,HOU,QB,16,4823,33,7,444,3,0,0,0,0,0,0,0,23.1,369.32
6,Russell Wilson,SEA,QB,16,4212,40,13,513,2,0,0,0,0,0,0,0,22.5,359.78
7,Ryan Tannehill,TEN,QB,16,3819,33,7,266,7,1,0,0,0,0,0,0,21.5,343.36
8,Tom Brady,TB,QB,16,4633,40,12,6,3,0,0,0,0,0,0,0,21.1,337.92
9,Justin Herbert,LAC,QB,15,4336,31,10,234,5,0,0,0,0,0,0,0,22.2,332.84
10,Lamar Jackson,BAL,QB,15,2757,26,9,1005,7,0,0,0,0,0,0,0,22.2,332.78
11,Derrick Henry,TEN,RB,16,0,0,0,2027,17,19,114,0,0,0,0,0,19.6,314.1
12,Kirk Cousins,MIN,QB,16,4265,35,13,156,1,0,0,0,0,0,0,0,19.1,306.2
13,Alvin Kamara,NO,RB,15,0,0,0,932,16,83,756,5,0,0,0,0,19.7,294.8
14,Dalvin Cook,MIN,RB,14,0,0,0,1557,16,44,361,1,0,0,0,0,21,293.8
15,Matt Ryan,ATL,QB,16,4581,26,11,92,2,0,0,0,0,0,0,0,17.5,280.44
16,Derek Carr,LV,QB,16,4103,27,9,140,3,0,0,0,0,0,0,0,17,272.12
17,Ben Roethlisberger,PIT,QB,15,3803,33,10,11,0,0,0,0,0,0,0,0,17.8,267.22
18,Matthew Stafford,DET,QB,16,4084,26,10,112,0,0,0,0,0,0,0,0,16.3,260.56
19,Cam Newton,NE,QB,15,2657,8,10,592,12,2,35,1,0,0,0,0,17.3,258.98
20,Baker Mayfield,CLE,QB,16,3563,26,8,165,1,1,6,0,0,0,0,0,15.5,247.62
21,Davante Adams,GB,WR,14,0,0,0,0,0,115,1374,18,0,0,0,0,17.4,243.4
22,Tyreek Hill,KC,WR,15,0,0,0,123,2,87,1276,15,0,0,1,0,16.1,241.9
23,Teddy Bridgewater,CAR,QB,15,3733,15,11,279,5,0,0,0,0,0,0,0,16.1,241.22
24,Jared Goff,LAR,QB,15,3952,20,13,99,4,0,0,0,0,0,0,0,16,239.98
25,Philip Rivers,IND,QB,16,4169,24,11,-8,0,0,0,0,0,0,0,0,15,239.96
26,Jonathan Taylor,IND,RB,15,0,0,0,1169,11,36,299,1,0,0,0,0,14.5,216.8
27,Aaron Jones,GB,RB,14,0,0,0,1104,9,47,355,2,0,0,0,0,15.1,211.9
28,David Montgomery,CHI,RB,15,0,0,0,1070,8,54,438,2,0,0,0,0,14.1,210.8
29,Drew Brees,NO,QB,12,2942,24,6,-2,2,0,0,0,0,0,0,0,17.5,209.48
30,Travis Kelce,KC,TE,15,4,0,0,0,0,105,1416,11,0,0,0,0,13.9,207.76
31,Stefon Diggs,BUF,WR,16,0,0,0,1,0,127,1535,8,0,0,0,0,12.6,201.6
32,James Robinson,JAX,RB,14,0,0,0,1070,7,49,344,3,0,0,0,0,14.4,201.4
33,Carson Wentz,PHI,QB,12,2620,16,15,276,5,0,0,0,0,0,0,0,16.5,198.4
34,Josh Jacobs,LV,RB,15,0,0,0,1065,12,33,238,0,0,0,0,0,13.2,198.3
35,Nick Chubb,CLE,RB,12,0,0,0,1067,12,16,150,0,0,0,0,0,16,191.7
36,Calvin Ridley,ATL,WR,15,0,0,0,1,0,90,1374,9,0,0,0,0,12.8,191.5
37,Devin White,TB,0,15,0,0,0,0,0,0,0,0,9,0,2,1,12.7,189.9
38,DK Metcalf,SEA,WR,16,0,0,0,0,0,83,1303,10,0,0,0,0,11.8,188.3
39,Justin Jefferson,MIN,WR,16,0,0,0,2,0,88,1400,7,0,0,0,0,11.6,186.2
40,Drew Lock,DEN,QB,13,2933,16,15,160,3,0,0,0,0,0,0,0,13.9,181.32
41,Kareem Hunt,CLE,RB,16,0,0,0,841,6,38,304,5,0,0,0,0,11.3,180.5
42,Daniel Jones,NYG,QB,14,2943,11,10,423,1,0,0,0,0,0,0,0,12.9,180.02
43,Adam Thielen,MIN,WR,15,0,0,0,15,0,74,925,14,0,0,0,0,12,180
44,Mike Evans,TB,WR,16,0,0,0,0,0,70,1006,13,0,0,0,0,11.2,178.6
45,Joe Burrow O,CIN,QB,10,2688,13,5,142,3,0,0,0,0,0,0,0,17.4,173.72
46,DeAndre Hopkins,ARI,WR,16,0,0,0,1,0,115,1407,6,0,0,0,0,10.8,172.8
47,Ezekiel Elliott,DAL,RB,15,0,0,0,979,6,52,338,2,0,0,0,0,11.4,171.7
48,Darren Waller,LV,TE,16,0,0,0,0,0,107,1196,9,0,0,0,0,10.7,171.6
49,A.J. Brown,TEN,WR,14,0,0,0,0,0,70,1075,11,0,0,0,0,12.2,171.5
50,T.J. Watt,PIT,0,15,0,0,0,0,0,0,0,0,15,1,1,0,11.4,170.55
51,Roquan Smith,CHI,0,16,0,0,0,0,0,0,0,0,4,2,1,0,10.6,169.7
52,Kenyan Drake,ARI,RB,15,0,0,0,955,10,25,137,0,0,0,0,0,11.1,167.2
53,Melvin Gordon III,DEN,RB,15,0,0,0,986,9,32,158,1,0,0,0,0,11.1,166.4
54,Antonio Gibson,WAS,RB,14,0,0,0,795,11,36,247,0,0,0,0,0,11.9,166.2
55,Tyler Lockett,SEA,WR,16,0,0,0,0,0,100,1054,10,0,0,0,0,10.3,165.4
56,Allen Robinson II,CHI,WR,16,0,0,0,-1,0,102,1250,6,0,0,0,0,10.1,160.9
57,Blake Martinez,NYG,0,16,0,0,0,0,0,0,0,0,3,1,2,1,10,160.3
58,Younghoe Koo,ATL,0,15,0,0,0,0,0,0,0,0,0,0,0,0,10.7,160
59,Jason Sanders,MIA,0,16,0,0,0,0,0,0,0,0,0,0,0,0,10,160
60,Joe Schobert,JAX,0,16,0,0,0,0,0,0,0,0,2.5,3,2,0,10,159.7
61,Gardner Minshew II,JAX,QB,9,2259,16,5,153,1,1,0,0,0,0,0,0,17.7,159.66
62,Zach Cunningham,HOU,0,16,0,0,0,0,0,0,0,0,3,0,1,0,9.9,159.1
63,Ronald Jones II,TB,RB,14,0,0,0,978,7,28,165,1,0,0,0,0,11.3,158.3
64,Jaylon Smith,DAL,0,16,0,0,0,0,0,0,0,0,1.5,1,1,3,9.8,156.65
65,Robert Woods,LAR,WR,16,0,0,0,155,2,90,936,6,0,0,0,0,9.7,155.1
66,Mitchell Trubisky,CHI,QB,10,2055,16,8,195,1,0,0,0,0,0,0,0,15.4,153.7
67,Chase Claypool,PIT,WR,16,0,0,0,16,2,62,873,9,0,0,0,0,9.6,152.9
68,Ryan Fitzpatrick,MIA,QB,9,2091,13,8,151,2,1,0,0,0,0,0,0,17,152.74
69,Daniel Carlson,LV,0,16,0,0,0,0,0,0,0,0,0,0,0,0,9.5,152
70,Marvin Jones Jr.,DET,WR,16,0,0,0,0,0,76,978,9,0,0,0,0,9.5,151.8
71,Darius Leonard,IND,0,14,0,0,0,0,0,0,0,0,3,0,3,2,10.8,151.6
72,Deion Jones,ATL,0,16,0,0,0,0,0,0,0,0,4.5,2,2,1,9.5,151.35
73,Brandin Cooks,HOU,WR,15,0,0,0,0,0,81,1150,6,0,0,0,0,10.1,151
74,Indianapolis Colts,IND,0,16,0,0,0,0,0,0,0,0,40,15,14,11,9.4,151
75,Chris Carson,SEA,RB,12,0,0,0,681,5,37,287,4,0,0,0,0,12.6,150.8
76,J.K. Dobbins,BAL,RB,15,0,0,0,805,9,18,120,0,0,0,0,0,10,150.5
77,Pittsburgh Steelers,PIT,0,16,0,0,0,0,0,0,0,0,56,18,12,10,9.4,150
78,Tyler Bass,BUF,0,16,0,0,0,0,0,0,0,0,0,0,0,0,9.3,149
79,Los Angeles Rams,LAR,0,16,0,0,0,0,0,0,0,0,53,14,11,8,9.3,149
80,Taysom Hill,NO,QB,16,928,4,2,457,8,8,98,1,0,0,0,0,9.3,148.62
81,Mike Davis,CAR,RB,15,0,0,0,642,6,59,373,2,0,0,0,0,9.8,147.5
82,Bobby Wagner,SEA,0,16,0,0,0,0,0,0,0,0,3,0,0,1,9.2,146.9
83,David Johnson,HOU,RB,12,0,0,0,691,6,33,314,2,0,0,0,0,12.2,146.5
84,DJ Moore,CAR,WR,15,0,0,0,22,0,66,1193,4,0,0,1,0,9.7,145.5
85,Keenan Allen,LAC,WR,14,0,0,0,-1,0,100,992,8,0,0,0,0,10.4,145.1
86,Lavonte David,TB,0,16,0,0,0,0,0,0,0,0,1.5,1,3,2,9.1,145
87,Amari Cooper,DAL,WR,16,0,0,0,14,0,92,1114,5,0,0,0,0,9,144.8
88,D'Andre Swift,DET,RB,13,0,0,0,521,8,46,357,2,0,0,0,0,11.1,143.8
89,Eric Wilson,MIN,0,16,0,0,0,0,0,0,0,0,3,3,1,2,9,143.45
90,Haason Reddick,ARI,0,16,0,0,0,0,0,0,0,0,12.5,0,5,0,9,143.35
91,Baltimore Ravens,BAL,0,16,0,0,0,0,0,0,0,0,39,10,25,13,8.9,143
92,Miles Sanders,PHI,RB,12,0,0,0,867,6,28,197,0,0,0,0,0,11.9,142.4
93,Greg Zuerlein,DAL,0,16,0,0,0,0,0,0,0,0,0,0,0,0,8.8,141
94,Rodrigo Blankenship,IND,0,16,0,0,0,0,0,0,0,0,0,0,0,0,8.8,141
95,Jordan Poyer,BUF,0,16,0,0,0,0,0,0,0,0,2,2,2,0,8.8,140.4
96,Clyde Edwards-Helaire,KC,RB,13,0,0,0,803,4,36,297,1,0,0,0,0,10.8,140
97,Jerome Baker,MIA,0,16,0,0,0,0,0,0,0,0,7,0,2,0,8.7,139.95
98,Fred Warner,SF,0,16,0,0,0,0,0,0,0,0,1,2,1,2,8.7,139.6
99,Miami Dolphins,MIA,0,16,0,0,0,0,0,0,0,0,41,18,17,10,8.7,139
100,Foyesade Oluokun,ATL,0,15,0,0,0,0,0,0,0,0,3,2,2,1,9.3,138.9
101,Jeremy Chinn,CAR,0,15,0,0,0,29,0,0,0,0,1,1,2,2,9.2,138.5
102,Todd Gurley II,ATL,RB,15,0,0,0,678,9,25,164,0,0,0,0,0,9.2,138.2
103,Ryan Succop,TB,0,16,0,0,0,0,0,0,0,0,0,0,0,0,8.6,138
104,CeeDee Lamb,DAL,WR,16,0,0,0,82,1,74,935,5,0,0,0,0,8.6,137.7
105,Nelson Agholor,LV,WR,16,0,0,0,0,0,48,896,8,0,0,0,0,8.6,137.6
106,JuJu Smith-Schuster,PIT,WR,16,0,0,0,0,0,97,831,9,0,0,0,1,8.6,137.1
107,Neville Hewitt,NYJ,0,16,0,0,0,0,0,0,0,0,2,0,0,1,8.6,136.9
108,Budda Baker,ARI,0,15,0,0,0,0,0,0,0,0,2,2,1,0,9.1,136.8
109,Terry McLaurin,WAS,WR,15,0,0,0,30,0,87,1118,4,0,0,0,0,9.1,136.8
110,Patrick Queen,BAL,0,16,0,0,0,0,0,0,0,0,3,1,2,2,8.5,136.7
111,Justin Tucker,BAL,0,16,0,0,0,0,0,0,0,0,0,0,0,0,8.5,136
112,William Fuller V SUS,HOU,WR,11,0,0,0,0,0,53,879,8,0,0,0,0,12.4,135.9
113,Andy Dalton,DAL,QB,11,2169,14,8,114,0,1,-3,0,0,0,0,0,12.4,135.86
114,Demario Davis,NO,0,16,0,0,0,0,0,0,0,0,4,0,0,0,8.5,135.6
115,Tua Tagovailoa,MIA,QB,10,1814,11,5,109,3,0,0,0,0,0,0,0,13.5,135.46
116,Aaron Donald,LAR,0,16,0,0,0,0,0,0,0,0,13.5,0,4,1,8.5,135.4
117,Curtis Samuel,CAR,WR,15,0,0,0,200,2,77,851,3,0,0,0,0,9,135.1
118,Dak Prescott,DAL,QB,5,1856,9,4,93,3,1,11,1,0,0,0,0,26.9,134.64
119,Za'Darius Smith,GB,0,16,0,0,0,0,0,0,0,0,12.5,0,3,2,8.4,134.15
120,Sam Darnold,NYJ,QB,12,2208,9,11,217,2,0,0,0,0,0,0,0,11.2,134.02
121,Diontae Johnson,PIT,WR,15,0,0,0,15,0,88,923,7,0,0,0,0,8.9,133.8
122,Harrison Butker,KC,0,16,0,0,0,0,0,0,0,0,0,0,0,0,8.2,131
123,Alex Singleton,PHI,0,16,0,0,0,0,0,0,0,0,2,1,0,2,8.2,130.8
124,Nyheim Hines,IND,RB,16,0,0,0,380,3,63,482,4,0,0,0,0,8.1,130.2
125,Cairo Santos,CHI,0,16,0,0,0,0,0,0,0,0,0,0,0,0,8.1,130
126,Jamal Adams,SEA,0,12,0,0,0,0,0,0,0,0,9.5,0,1,0,10.8,129.95
127,Marlon Humphrey,BAL,0,15,0,0,0,0,0,0,0,0,2.5,1,8,0,8.7,129.95
128,James Conner,PIT,RB,13,0,0,0,721,6,35,215,0,0,0,0,0,10,129.6
129,Myles Garrett,CLE,0,14,0,0,0,0,0,0,0,0,12,0,4,2,9.2,129.3
130,Jeff Wilson Jr. IR,SF,RB,11,0,0,0,600,7,13,133,3,0,0,0,0,11.8,129.3
131,Robby Anderson,CAR,WR,16,0,0,0,15,0,95,1096,3,0,0,0,0,8.1,129.1
132,Brandon McManus,DEN,0,15,0,0,0,0,0,0,0,0,0,0,0,0,8.5,128
133,Wil Lutz,NO,0,16,0,0,0,0,0,0,0,0,0,0,0,0,8,128
134,Tee Higgins,CIN,WR,16,0,0,0,28,0,67,908,6,0,0,0,0,8,127.6
135,Tyrell Adams,HOU,0,16,0,0,0,0,0,0,0,0,2,0,2,1,8,127.5
136,Washington Football Team,WAS,0,16,0,0,0,0,0,0,0,0,47,16,14,7,7.9,127
137,Malcolm Jenkins,NO,0,16,0,0,0,0,0,0,0,0,2.5,3,1,1,7.9,126.5
138,Corey Davis,TEN,WR,14,0,0,0,0,0,65,984,5,0,0,0,0,9,126.4
139,Ka'imi Fairbairn,HOU,0,16,0,0,0,0,0,0,0,0,0,0,0,0,7.9,126
140,Chris Godwin,TB,WR,12,0,0,0,0,0,65,840,7,0,0,0,0,10.5,126
141,DeForest Buckner,IND,0,15,0,0,0,0,0,0,0,0,9.5,0,2,1,8.4,125.8
142,Leonard Williams,NYG,0,16,0,0,0,0,0,0,0,0,11.5,0,0,1,7.9,125.65
143,Cole Beasley,BUF,WR,15,20,1,0,0,0,82,967,4,0,0,0,0,8.4,125.5
144,Jason Pierre-Paul,TB,0,16,0,0,0,0,0,0,0,0,9.5,2,4,2,7.8,125.2
145,Jason Myers,SEA,0,16,0,0,0,0,0,0,0,0,0,0,0,0,7.8,125
146,Marquise Brown,BAL,WR,16,0,0,0,1,0,58,769,8,0,0,0,0,7.8,125
147,Robert Tonyan,GB,TE,16,0,0,0,0,0,52,586,11,0,0,0,0,7.8,124.6
148,Brandon Aiyuk,SF,WR,12,0,0,0,77,2,60,748,5,0,0,0,0,10.4,124.5
149,Myles Jack,JAX,0,14,0,0,0,0,0,0,0,0,1,1,1,2,8.9,124.1
150,Graham Gano,NYG,0,16,0,0,0,0,0,0,0,0,0,0,0,0,7.8,124
151,Jessie Bates III,CIN,0,16,0,0,0,0,0,0,0,0,0,3,1,0,7.7,123.5
152,Myles Gaskin,MIA,RB,10,0,0,0,584,3,41,388,2,0,0,0,0,12.3,123.2
153,Kenny Moore II,IND,0,16,0,0,0,0,0,0,0,0,2,4,2,0,7.6,122.1
154,Joey Slye,CAR,0,16,0,0,0,0,0,0,0,0,0,0,0,0,7.6,122
155,New Orleans Saints,NO,0,16,0,0,0,0,0,0,0,0,45,18,7,8,7.6,122
156,Malcolm Butler,TEN,0,16,0,0,0,0,0,0,0,0,0,4,0,0,7.5,120
157,Gus Edwards,BAL,RB,16,0,0,0,723,6,9,129,0,0,0,1,0,7.4,119.2
158,Brian Burns,CAR,0,15,0,0,0,0,0,0,0,0,9,0,3,0,7.9,118.8
159,Vonn Bell,CIN,0,16,0,0,0,0,0,0,0,0,0,0,3,2,7.4,118.5
160,Montez Sweat,WAS,0,16,0,0,0,0,0,0,0,0,9,1,2,0,7.4,118.2
161,Alexander Johnson,DEN,0,16,0,0,0,0,0,0,0,0,1,0,2,0,7.4,118
162,Buffalo Bills,BUF,0,16,0,0,0,0,0,0,0,0,38,15,15,11,7.4,118
163,Jordan Hicks,ARI,0,16,0,0,0,0,0,0,0,0,0,1,0,0,7.3,117.5
164,Tampa Bay Buccaneers,TB,0,16,0,0,0,0,0,0,0,0,48,15,15,10,7.3,117
165,Cooper Kupp,LAR,WR,15,0,0,0,33,0,92,974,3,0,0,0,0,7.8,116.7
166,Justin Simmons,DEN,0,16,0,0,0,0,0,0,0,0,0,5,0,1,7.3,116.5
167,Nick Mullens,SF,QB,10,2437,12,12,8,0,0,0,0,0,0,0,0,11.6,116.28
168,Jarvis Landry,CLE,WR,15,74,1,0,10,1,72,840,3,0,0,0,0,7.7,115.96
169,Khalil Mack,CHI,0,16,0,0,0,0,0,0,0,0,9,1,3,2,7.2,115.9
170,Logan Ryan,NYG,0,16,0,0,0,0,0,0,0,0,1,1,3,2,7.2,115.7
171,Wayne Gallman Jr.,NYG,RB,15,0,0,0,682,6,21,114,0,0,0,0,0,7.7,115.6
172,Tremaine Edmunds,BUF,0,15,0,0,0,0,0,0,0,0,2,0,0,0,7.7,115.6
173,Jon Bostic,WAS,0,16,0,0,0,0,0,0,0,0,3,1,0,0,7.2,115.4
174,J.J. Watt,HOU,0,16,0,0,0,0,0,0,0,0,5,1,2,1,7.2,115.1
175,Mason Crosby,GB,0,16,0,0,0,0,0,0,0,0,0,0,0,0,7.2,115
176,Dustin Hopkins,WAS,0,16,0,0,0,0,0,0,0,0,0,0,0,0,7.2,115
177,Chase Edmonds,ARI,RB,16,0,0,0,448,1,53,402,4,0,0,0,0,7.2,115
178,K.J. Wright,SEA,0,16,0,0,0,0,0,0,0,0,2,1,1,2,7.2,114.8
179,Chase Young,WAS,0,15,0,0,0,0,0,0,0,0,7.5,0,4,3,7.6,114.45
180,Stephon Tuitt,PIT,0,15,0,0,0,0,0,0,0,0,11,0,2,0,7.6,114.35
181,Michael Gallup,DAL,WR,16,0,0,0,0,0,59,843,5,0,0,0,0,7.1,114.3
182,Darrell Henderson Jr.,LAR,RB,15,0,0,0,624,5,16,159,1,0,0,0,0,7.6,114.3
183,Stephen Gostkowski,TEN,0,15,0,0,0,0,0,0,0,0,0,0,0,0,7.6,114
184,Troy Hill,LAR,0,16,0,0,0,0,0,0,0,0,0,3,1,2,7.1,114
185,Adrian Phillips,NE,0,16,0,0,0,0,0,0,0,0,1,2,0,0,7.1,113.9
186,Tyler Boyd,CIN,WR,15,16,0,0,49,0,79,841,4,0,0,0,0,7.6,113.64
187,Chuck Clark,BAL,0,16,0,0,0,0,0,0,0,0,1.5,1,2,2,7.1,113.6
188,Keanu Neal,ATL,0,15,0,0,0,0,0,0,0,0,1,1,1,1,7.6,113.4
189,Latavius Murray,NO,RB,15,0,0,0,656,4,23,176,1,0,0,0,0,7.5,113.2
190,Jamison Crowder,NYJ,WR,12,43,1,0,14,0,59,699,6,0,0,0,0,9.4,113.02
191,Matt Prater,DET,0,16,0,0,0,0,0,0,0,0,0,0,0,0,7.1,113
192,Kyle Van Noy,MIA,0,14,0,0,0,0,0,0,0,0,6,0,2,2,8,112.7
193,Taron Johnson,BUF,0,16,0,0,0,0,0,0,0,0,1,1,1,0,7,112.6
194,Adrian Peterson,DET,RB,16,0,0,0,604,7,12,101,0,0,0,0,0,7,112.5
195,Shaq Thompson,CAR,0,16,0,0,0,0,0,0,0,0,0,0,2,1,7,112.5
196,Jabrill Peppers,NYG,0,15,0,0,0,0,0,0,0,0,2.5,1,1,1,7.5,112.5
197,Mark Andrews,BAL,TE,14,0,0,0,0,0,58,701,7,0,0,0,0,8,112.1
198,Nick Folk,NE,0,16,0,0,0,0,0,0,0,0,0,0,0,0,7,112
199,Michael Badgley,LAC,0,16,0,0,0,0,0,0,0,0,0,0,0,0,7,112
200,Romeo Okwara,DET,0,16,0,0,0,0,0,0,0,0,10,0,2,1,7,111.9
201,Nicholas Morrow,LV,0,14,0,0,0,0,0,0,0,0,3,1,1,1,8,111.9
202,Jamie Collins Sr.,DET,0,14,0,0,0,0,0,0,0,0,1,1,3,1,8,111.6
203,J.D. McKissic,WAS,RB,16,0,0,0,365,1,80,589,2,0,0,0,0,7,111.4
204,Austin Ekeler,LAC,RB,10,0,0,0,530,1,54,403,2,0,0,0,0,11.1,111.3
205,Giovani Bernard,CIN,RB,16,0,0,0,416,3,47,355,3,0,0,0,0,6.9,111.1
206,Shaquil Barrett,TB,0,15,0,0,0,0,0,0,0,0,8,0,2,0,7.4,111.1
207,Kevin Byard,TEN,0,16,0,0,0,0,0,0,0,0,0,1,1,0,6.9,111
208,Antoine Winfield Jr.,TB,0,16,0,0,0,0,0,0,0,0,3,1,2,1,6.9,111
209,Marcus Maye,NYJ,0,16,0,0,0,0,0,0,0,0,2,2,2,2,6.9,110.6
210,Tim Patrick,DEN,WR,15,0,0,0,0,0,51,742,6,0,0,0,0,7.3,110.2
211,Josey Jewell,DEN,0,16,0,0,0,0,0,0,0,0,2,0,0,0,6.9,110.1
212,Kamren Curl,WAS,0,16,0,0,0,0,0,0,0,0,2,3,0,0,6.9,110.1
213,Kansas City Chiefs,KC,0,16,0,0,0,0,0,0,0,0,32,16,12,7,6.9,110
214,Russell Gage,ATL,WR,16,39,1,0,9,0,72,786,4,0,0,0,0,6.8,109.06
215,Leonard Floyd,LAR,0,16,0,0,0,0,0,0,0,0,10.5,0,0,2,6.8,108.7
216,Eric Kendricks,MIN,0,11,0,0,0,0,0,0,0,0,0,3,0,0,9.9,108.5
217,Daniel Sorensen,KC,0,15,0,0,0,0,0,0,0,0,0,3,1,0,7.2,108.5
218,Khari Willis,IND,0,14,0,0,0,0,0,0,0,0,2,2,1,0,7.8,108.5
219,Jalen Hurts,PHI,QB,15,1061,6,4,357,3,1,3,0,0,0,0,0,7.2,108.44
220,T.J. Hockenson,DET,TE,16,0,0,0,0,0,67,723,6,0,0,0,0,6.8,108.3
221,T.Y. Hilton,IND,WR,15,0,0,0,0,0,56,762,5,0,0,0,0,7.2,108.2
222,Adrian Amos,GB,0,16,0,0,0,0,0,0,0,0,2,2,1,1,6.7,107.7
223,A.J. Klein,BUF,0,16,0,0,0,0,0,0,0,0,5,0,2,1,6.7,107.3
224,Arizona Cardinals,ARI,0,16,0,0,0,0,0,0,0,0,48,11,14,10,6.7,107
225,Harold Landry III,TEN,0,16,0,0,0,0,0,0,0,0,5.5,1,0,0,6.7,106.85
226,Emmanuel Ogbah,MIA,0,16,0,0,0,0,0,0,0,0,9,0,3,0,6.7,106.55
227,Harrison Smith,MIN,0,16,0,0,0,0,0,0,0,0,0.5,5,0,0,6.7,106.5
228,Danny Trevathan,CHI,0,16,0,0,0,0,0,0,0,0,1,0,1,0,6.6,106.3
229,Avery Williamson,PIT,0,15,0,0,0,0,0,0,0,0,1,1,0,0,7.1,106.3
230,Mike Gesicki,MIA,TE,15,0,0,0,0,0,53,703,6,0,0,0,0,7.1,106.3
231,DeMarcus Lawrence,DAL,0,16,0,0,0,0,0,0,0,0,6.5,0,4,1,6.6,106.15
232,Mike Williams,LAC,WR,15,0,0,0,1,0,48,756,5,0,1,0,0,7,105.7
233,Devin Singletary,BUF,RB,16,0,0,0,687,2,38,269,0,0,0,0,0,6.6,105.6
234,Jerry Jeudy,DEN,WR,16,0,0,0,0,0,52,856,3,0,0,0,0,6.6,105.6
235,Minkah Fitzpatrick,PIT,0,16,0,0,0,0,0,0,0,0,0,4,1,1,6.6,105.5
236,Logan Thomas,WAS,TE,16,28,0,0,5,0,72,670,6,0,0,0,0,6.5,104.62
237,De'Vondre Campbell,ARI,0,16,0,0,0,0,0,0,0,0,2,0,1,0,6.5,104.5
238,Rob Gronkowski,TB,TE,16,0,0,0,0,0,45,623,7,0,0,0,0,6.5,104.3
239,Marquez Valdes-Scantling,GB,WR,16,0,0,0,13,0,33,690,6,0,0,0,0,6.5,104.3
240,Nick Foles,CHI,QB,9,1852,10,8,1,1,0,0,0,0,0,0,0,11.6,104.18
241,New England Patriots,NE,0,16,0,0,0,0,0,0,0,0,24,18,5,4,6.5,104
242,Emmanuel Sanders,NO,WR,14,0,0,0,12,0,61,726,5,0,0,0,0,7.4,103.8
243,DeVante Parker,MIA,WR,14,0,0,0,0,0,63,793,4,0,0,0,0,7.4,103.3
244,Seattle Seahawks,SEA,0,16,0,0,0,0,0,0,0,0,46,14,14,9,6.4,103
245,New York Giants,NYG,0,16,0,0,0,0,0,0,0,0,40,11,11,11,6.4,103
246,Philadelphia Eagles,PHI,0,16,0,0,0,0,0,0,0,0,49,8,15,13,6.4,103
247,Brandon Graham,PHI,0,16,0,0,0,0,0,0,0,0,8,0,2,1,6.4,102.6
248,Eric Rowe,MIA,0,16,0,0,0,0,0,0,0,0,0,2,0,1,6.4,102
249,John Johnson III,LAR,0,16,0,0,0,0,0,0,0,0,0,1,0,0,6.4,102
250,Gabriel Davis,BUF,WR,16,0,0,0,0,0,35,599,7,0,0,0,0,6.4,101.9
251,Tre Boston,CAR,0,16,0,0,0,0,0,0,0,0,1,1,1,2,6.4,101.7
252,Darnell Savage,GB,0,15,0,0,0,0,0,0,0,0,1,4,0,1,6.8,101.5
253,DJ Chark Jr.,JAX,WR,13,0,0,0,0,0,53,706,5,0,0,0,0,7.7,100.6
254,Donovan Wilson,DAL,0,14,0,0,0,0,0,0,0,0,3.5,2,3,2,7.2,100.55
255,Trey Hendrickson,NO,0,15,0,0,0,0,0,0,0,0,13.5,0,1,0,6.7,100.1
256,Cody Parkey,CLE,0,15,0,0,0,0,0,0,0,0,0,0,0,0,6.7,100
257,Quinnen Williams O,NYJ,0,13,0,0,0,0,0,0,0,0,7,0,2,0,7.7,99.55
258,Xavien Howard,MIA,0,16,0,0,0,0,0,0,0,0,0,10,1,0,6.2,99.5
259,Joey Bosa,LAC,0,12,0,0,0,0,0,0,0,0,7.5,0,0,1,8.3,99.3
260,Jonnu Smith,TEN,TE,15,0,0,0,4,1,41,448,8,0,0,0,0,6.6,99.2
261,Laviska Shenault Jr.,JAX,WR,14,0,0,0,91,0,58,600,5,0,0,1,0,7.1,99.1
262,B.J. Goodson,CLE,0,14,0,0,0,0,0,0,0,0,0.5,2,0,1,7,98.6
263,Christian Kirk,ARI,WR,14,0,0,0,3,0,48,621,6,0,0,0,0,7,98.4
264,Kenneth Murray Jr.,LAC,0,16,0,0,0,0,0,0,0,0,1,0,0,0,6.1,97.9
265,Malik Reed,DEN,0,16,0,0,0,0,0,0,0,0,8,0,1,0,6.1,97.7
266,Eddie Jackson,CHI,0,16,0,0,0,0,0,0,0,0,0,0,3,1,6.1,97.5
267,Robbie Gould,SF,0,15,0,0,0,0,0,0,0,0,0,0,0,0,6.5,97
268,Carolina Panthers,CAR,0,16,0,0,0,0,0,0,0,0,29,7,14,15,6.1,97
269,Cameron Jordan,NO,0,16,0,0,0,0,0,0,0,0,7.5,0,1,0,6,96.7
270,Sterling Shepard,NYG,WR,12,0,0,0,49,1,66,656,3,0,0,0,0,8,96.5
271,Jamaal Williams,GB,RB,14,0,0,0,505,2,31,236,1,0,0,0,0,6.9,96.1
272,Tyrann Mathieu,KC,0,15,0,0,0,0,0,0,0,0,0,6,0,1,6.4,96
273,Leonard Fournette,TB,RB,13,0,0,0,367,6,36,233,0,0,0,0,0,7.4,96
274,Julio Jones,ATL,WR,9,0,0,0,0,0,51,771,3,0,0,0,0,10.6,95.1
275,Andrew Van Ginkel,MIA,0,16,0,0,0,0,0,0,0,0,5.5,0,3,1,5.9,95
276,Jordan Whitehead,TB,0,16,0,0,0,0,0,0,0,0,2,2,0,1,5.9,94.9
277,Keelan Cole,JAX,WR,16,0,0,0,2,0,55,642,5,0,0,0,0,5.9,94.4
278,Marcus Peters,BAL,0,14,0,0,0,0,0,0,0,0,1,4,4,2,6.7,94
279,Green Bay Packers,GB,0,16,0,0,0,0,0,0,0,0,41,11,12,7,5.9,94
280,Cleveland Browns,CLE,0,16,0,0,0,0,0,0,0,0,38,11,16,10,5.9,94
281,Rashaan Evans,TEN,0,16,0,0,0,0,0,0,0,0,0.5,0,0,1,5.9,93.75
282,Jimmy Graham,CHI,TE,16,0,0,0,0,0,50,456,8,0,0,0,0,5.8,93.6
283,Carlton Davis,TB,0,14,0,0,0,0,0,0,0,0,0,4,0,0,6.7,93.5
284,Jerick McKinnon,SF,RB,16,0,0,0,319,5,33,253,1,0,0,0,0,5.8,93.2
285,Kerry Hyder Jr.,SF,0,16,0,0,0,0,0,0,0,0,8.5,0,0,1,5.8,93.15
286,Hayden Hurst,ATL,TE,16,0,0,0,0,0,56,571,6,0,0,0,0,5.8,93.1
287,Randy Bullock,CIN,0,12,0,0,0,0,0,0,0,0,0,0,0,0,7.8,93
288,Chris Boswell,PIT,0,13,0,0,0,0,0,0,0,0,0,0,0,0,7.2,93
289,Mike Hilton,PIT,0,12,0,0,0,0,0,0,0,0,3,3,1,2,7.8,93
290,Anthony Walker,IND,0,16,0,0,0,0,0,0,0,0,0,1,0,1,5.8,93
291,Zach Pascal,IND,WR,16,0,0,0,0,0,44,629,5,0,0,0,0,5.8,92.9
292,Tony Pollard,DAL,RB,16,0,0,0,435,4,28,192,1,0,0,0,0,5.8,92.7
293,Justin Reid,HOU,0,13,0,0,0,0,0,0,0,0,2,0,0,0,7.1,92.6
294,Kareem Jackson,DEN,0,16,0,0,0,0,0,0,0,0,0,1,0,2,5.8,92.5
295,Matthew Judon,BAL,0,14,0,0,0,0,0,0,0,0,6,0,0,0,6.6,91.9
296,Chris Jones,KC,0,15,0,0,0,0,0,0,0,0,7.5,0,2,0,6.1,91.8
297,Johnathan Abram,LV,0,13,0,0,0,0,0,0,0,0,0,2,0,0,7,91.5
298,Darnell Mooney,CHI,WR,16,0,0,0,20,0,61,631,4,0,0,0,0,5.7,91.1
299,Anthony Harris,MIN,0,16,0,0,0,0,0,0,0,0,0,0,0,0,5.7,91
300,Darius Slayton,NYG,WR,16,0,0,0,-1,0,50,751,3,0,0,0,0,5.7,91
301,Cam Akers,LAR,RB,13,0,0,0,625,2,11,123,1,0,0,0,0,7,90.8
302,Josh Bynes,CIN,0,16,0,0,0,0,0,0,0,0,1,0,0,1,5.7,90.5
303,Jared Cook,NO,TE,15,0,0,0,0,0,37,504,7,0,0,0,0,6,90.4
304,DeShon Elliott,BAL,0,16,0,0,0,0,0,0,0,0,2.5,0,2,0,5.6,90.4
305,Vince Williams,PIT,0,14,0,0,0,0,0,0,0,0,3,0,0,2,6.4,90.3
306,Tre'Davious White,BUF,0,14,0,0,0,0,0,0,0,0,1.5,3,1,2,6.4,90.3
307,Rayshawn Jenkins,LAC,0,15,0,0,0,0,0,0,0,0,1,2,0,0,6,90.1
308,Jalen Mills,PHI,0,15,0,0,0,0,0,0,0,0,1.5,1,1,0,6,90
309,Zane Gonzalez,ARI,0,12,0,0,0,0,0,0,0,0,0,0,0,0,7.5,90
310,Chicago Bears,CHI,0,16,0,0,0,0,0,0,0,0,35,10,15,8,5.6,90
311,Olivier Vernon,CLE,0,14,0,0,0,0,0,0,0,0,9,0,0,1,6.4,89.5
312,Tracy Walker,DET,0,15,0,0,0,0,0,0,0,0,1,0,0,0,5.9,89.2
313,Kenny Vaccaro,TEN,0,13,0,0,0,0,0,0,0,0,1,0,0,1,6.8,88.9
314,A.J. Terrell,ATL,0,14,0,0,0,0,0,0,0,0,0,1,2,0,6.3,88.5
315,San Francisco 49ers,SF,0,16,0,0,0,0,0,0,0,0,30,12,13,8,5.5,88
316,Zack Moss,BUF,RB,13,0,0,0,481,4,14,95,1,0,0,0,0,6.7,87.6
317,Jayon Brown,TEN,0,10,0,0,0,0,0,0,0,0,1,1,2,0,8.8,87.6
318,Noah Fant,DEN,TE,15,0,0,0,0,0,62,673,3,0,0,0,0,5.8,87.3
319,Michael Davis,LAC,0,16,0,0,0,0,0,0,0,0,0,3,0,0,5.4,87
320,Bradley Chubb,DEN,0,14,0,0,0,0,0,0,0,0,7.5,0,1,0,6.2,87
321,C.J. Gardner-Johnson,NO,0,15,0,0,0,0,0,0,0,0,1,1,0,0,5.8,86.6
322,Terrance Mitchell,CLE,0,16,0,0,0,0,0,0,0,0,0,0,4,0,5.4,86.5
323,Damien Harris,NE,RB,10,0,0,0,691,2,5,52,0,0,0,0,0,8.6,86.3
324,Ndamukong Suh,TB,0,16,0,0,0,0,0,0,0,0,6,0,1,0,5.4,86.15
325,Malcolm Brown,LAR,RB,16,0,0,0,419,5,23,162,0,0,0,0,0,5.4,86.1
326,Dan Bailey,MIN,0,16,0,0,0,0,0,0,0,0,0,0,0,0,5.4,86
327,Jeff Gladney,MIN,0,16,0,0,0,0,0,0,0,0,0,0,1,0,5.4,86
328,Sheldon Richardson,CLE,0,16,0,0,0,0,0,0,0,0,4.5,0,1,0,5.4,85.9
329,Eric Ebron,PIT,TE,15,0,0,0,0,0,56,558,5,0,0,0,0,5.7,85.8
330,Dre Greenlaw,SF,0,13,0,0,0,0,0,0,0,0,1,0,0,0,6.6,85.8
331,Bobby Okereke,IND,0,14,0,0,0,0,0,0,0,0,0,1,0,2,6.1,85.5
332,Cameron Heyward,PIT,0,15,0,0,0,0,0,0,0,0,4,1,0,0,5.7,85.35
333,Hunter Henry,LAC,TE,14,0,0,0,0,0,60,613,4,0,0,0,0,6.1,85.3
334,Troy Reeder,LAR,0,16,0,0,0,0,0,0,0,0,3,0,0,0,5.3,85.2
335,Nick Kwiatkoski,LV,0,12,0,0,0,0,0,0,0,0,1,1,1,0,7.1,85.1
336,Carl Lawson,CIN,0,16,0,0,0,0,0,0,0,0,5.5,0,2,0,5.3,85.1
337,James Bradberry,NYG,0,15,0,0,0,0,0,0,0,0,0,3,2,1,5.7,85
338,J.C. Jackson,NE,0,16,0,0,0,0,0,0,0,0,0,9,0,2,5.3,85
339,Tre Herndon,JAX,0,16,0,0,0,0,0,0,0,0,1,0,0,0,5.3,84.3
340,Frank Gore,NYJ,RB,15,0,0,0,653,2,16,89,0,0,0,0,0,5.6,84.2
341,Tyler Higbee,LAR,TE,15,0,0,0,1,0,44,521,5,0,0,0,0,5.6,84.2
342,Aldon Smith,DAL,0,16,0,0,0,0,0,0,0,0,5,0,0,2,5.3,84.1
343,Ja'Whaun Bentley,NE,0,13,0,0,0,0,0,0,0,0,1.5,0,0,0,6.5,84.1
344,Daron Payne,WAS,0,16,0,0,0,0,0,0,0,0,3,1,3,1,5.2,84
345,Rashard Higgins,CLE,WR,13,0,0,0,0,0,37,599,4,0,0,0,0,6.5,83.9
346,David Moore,SEA,WR,16,0,0,0,61,0,35,417,6,0,0,0,0,5.2,83.8
347,Raheem Mostert,SF,RB,8,0,0,0,521,2,16,156,1,0,0,0,0,10.5,83.7
348,Chase Winovich,NE,0,16,0,0,0,0,0,0,0,0,5.5,1,1,0,5.2,83.7
349,Jakobi Meyers,NE,WR,14,43,2,0,9,0,59,729,0,0,0,0,0,6,83.52
350,Jonathan Jones,NE,0,16,0,0,0,0,0,0,0,0,0,2,1,0,5.2,83.5
351,Dalton Schultz,DAL,TE,16,0,0,0,0,0,63,615,4,0,0,0,0,5.2,83.5
352,Trevon Diggs,DAL,0,12,0,0,0,0,0,0,0,0,1,3,1,0,7,83.5
353,Grady Jarrett,ATL,0,16,0,0,0,0,0,0,0,0,4,0,0,1,5.2,83.45
354,Akiem Hicks,CHI,0,15,0,0,0,0,0,0,0,0,3.5,0,0,1,5.5,82.85
355,Rex Burkhead,NE,RB,10,0,0,0,274,3,25,192,3,0,0,0,0,8.3,82.6
356,Bud Dupree,PIT,0,11,0,0,0,0,0,0,0,0,8,0,2,0,7.5,82.6
357,Devin McCourty,NE,0,16,0,0,0,0,0,0,0,0,0,2,0,0,5.2,82.5
358,David Onyemata,NO,0,15,0,0,0,0,0,0,0,0,6.5,1,0,0,5.5,82.4
359,Christian Kirksey,GB,0,11,0,0,0,0,0,0,0,0,2,2,0,0,7.5,82.1
360,Trayvon Mullen,LV,0,16,0,0,0,0,0,0,0,0,0,2,0,0,5.1,82
361,Josh Sweat,PHI,0,14,0,0,0,0,0,0,0,0,6,0,3,0,5.8,81.4
362,Mecole Hardman,KC,WR,16,0,0,0,31,0,41,560,4,0,0,0,0,5.1,81.1
363,Shaquill Griffin,SEA,0,12,0,0,0,0,0,0,0,0,0,3,0,0,6.8,81
364,Kendrick Bourne,SF,WR,15,0,0,0,0,0,49,667,2,0,0,0,0,5.4,80.7
365,Cole Holcomb,WAS,0,11,0,0,0,0,0,0,0,0,2.5,1,0,0,7.3,80.4
366,Yannick Ngakoue,BAL,0,15,0,0,0,0,0,0,0,0,8,0,4,0,5.4,80.3
367,Greg Ward,PHI,WR,16,15,0,0,-4,0,53,419,6,0,0,0,0,5,80.1
368,Fletcher Cox,PHI,0,15,0,0,0,0,0,0,0,0,6.5,0,2,0,5.3,79.6
369,Rodney McLeod,PHI,0,13,0,0,0,0,0,0,0,0,0,1,0,2,6.1,79.5
370,Germaine Pratt,CIN,0,16,0,0,0,0,0,0,0,0,0,0,0,0,5,79.5
371,Jeffery Simmons,TEN,0,15,0,0,0,0,0,0,0,0,3,0,1,3,5.3,79.4
372,Maxx Crosby,LV,0,16,0,0,0,0,0,0,0,0,7,0,0,1,5,79.3
373,Isaiah Oliver,ATL,0,16,0,0,0,0,0,0,0,0,1,0,1,0,5,79.2
374,Joe Mixon,CIN,RB,6,0,0,0,428,3,21,138,1,0,0,0,0,13.1,78.6
375,Janoris Jenkins,NO,0,13,0,0,0,0,0,0,0,0,0,3,0,0,6,78.5
376,Jerry Hughes,BUF,0,15,0,0,0,0,0,0,0,0,4.5,1,2,2,5.2,78.5
377,Sean Murphy-Bunting,TB,0,16,0,0,0,0,0,0,0,0,0,1,1,1,4.9,78.5
378,T.J. Edwards,PHI,0,12,0,0,0,0,0,0,0,0,2,1,2,0,6.5,78.4
379,Quandre Diggs,SEA,0,16,0,0,0,0,0,0,0,0,0,5,0,0,4.9,78
380,Evan Engram,NYG,TE,16,0,0,0,26,1,63,654,1,0,0,0,0,4.9,78
381,Dallas Cowboys,DAL,0,16,0,0,0,0,0,0,0,0,31,10,17,13,4.9,78
382,Travis Fulgham,PHI,WR,13,0,0,0,0,0,38,539,4,0,0,0,0,6,77.9
383,Vernon Hargreaves III,HOU,0,16,0,0,0,0,0,0,0,0,0,1,0,0,4.8,77.5
384,Michael Ojemudia,DEN,0,16,0,0,0,0,0,0,0,0,0,0,4,0,4.8,77.5
385,Markus Golden,ARI,0,16,0,0,0,0,0,0,0,0,4.5,1,1,1,4.8,77.15
386,George Kittle,SF,TE,8,0,0,0,17,0,48,634,2,0,0,0,0,9.6,77.1
387,Krys Barnes,GB,0,13,0,0,0,0,0,0,0,0,1,0,1,0,5.9,77
388,Preston Smith,GB,0,16,0,0,0,0,0,0,0,0,4,0,0,1,4.8,76.9
389,Eric Murray,HOU,0,14,0,0,0,0,0,0,0,0,2,0,1,0,5.5,76.8
390,Justin Houston,IND,0,16,0,0,0,0,0,0,0,0,8,0,0,2,4.8,76.45
391,Kyzir White,LAC,0,11,0,0,0,0,0,0,0,0,0.5,0,0,0,7,76.45
392,Terrell Edmunds,PIT,0,15,0,0,0,0,0,0,0,0,1,2,0,0,5.1,76.1
393,Marshon Lattimore,NO,0,14,0,0,0,0,0,0,0,0,0,2,0,0,5.4,76
394,Malcolm Smith,CLE,0,15,0,0,0,0,0,0,0,0,1,1,1,0,5.1,75.9
395,William Gholston,TB,0,16,0,0,0,0,0,0,0,0,3,0,0,1,4.7,75.9
396,Hunter Renfrow,LV,WR,16,0,0,0,0,0,56,656,2,0,0,0,0,4.7,75.6
397,Duron Harmon,DET,0,16,0,0,0,0,0,0,0,0,0,2,0,0,4.7,75.5
398,Jonathan Allen,WAS,0,16,0,0,0,0,0,0,0,0,2,0,0,1,4.7,75.45
399,Josh Jones,JAX,0,13,0,0,0,0,0,0,0,0,0,1,0,0,5.8,75
400,Jamel Dean,TB,0,14,0,0,0,0,0,0,0,0,0,1,0,0,5.3,74.5
401,Zach Sieler,MIA,0,16,0,0,0,0,0,0,0,0,3.5,0,1,0,4.6,74.35
402,Sam Hubbard,CIN,0,13,0,0,0,0,0,0,0,0,2,0,1,0,5.7,74.3
403,Joe Haden,PIT,0,14,0,0,0,0,0,0,0,0,0,2,0,0,5.3,74
404,Patrick Peterson,ARI,0,16,0,0,0,0,0,0,0,0,0,3,0,0,4.6,74
405,Denver Broncos,DEN,0,16,0,0,0,0,0,0,0,0,42,10,12,6,4.6,74
406,Alexander Mattison,MIN,RB,13,0,0,0,434,2,13,125,1,0,0,0,0,5.7,73.9
407,Jarran Reed,SEA,0,16,0,0,0,0,0,0,0,0,7,0,1,0,4.6,73.75
408,Shaq Lawson,MIA,0,14,0,0,0,0,0,0,0,0,4,0,1,1,5.3,73.6
409,Nasir Adderley,LAC,0,15,0,0,0,0,0,0,0,0,0,1,0,1,4.9,73.5
410,Christian McCaffrey,CAR,RB,3,0,0,0,225,5,17,149,1,0,0,0,0,24.5,73.4
411,Tashaun Gipson Sr.,CHI,0,16,0,0,0,0,0,0,0,0,0,2,0,1,4.6,73
412,Cory Littleton,LV,0,14,0,0,0,0,0,0,0,0,0,0,0,0,5.2,73
413,Jaire Alexander,GB,0,15,0,0,0,0,0,0,0,0,1,1,1,0,4.9,72.9
414,Kyle Fuller,CHI,0,16,0,0,0,0,0,0,0,0,0,1,1,0,4.5,72.5
415,Pierre Desir,BAL,0,12,0,0,0,0,0,0,0,0,0,3,1,0,6,72.5
416,Isaiah Simmons,ARI,0,16,0,0,0,0,0,0,0,0,2,1,1,1,4.5,72.5
417,Josh Reynolds,LAR,WR,16,0,0,0,5,0,52,618,2,0,0,0,0,4.5,72.3
418,Kyler Fackrell,NYG,0,12,0,0,0,0,0,0,0,0,4,1,1,0,6,72.2
419,Antonio Brown,TB,WR,8,0,0,0,-2,0,45,483,4,0,0,0,0,9,72.1
420,Tarell Basham,NYJ,0,16,0,0,0,0,0,0,0,0,3.5,0,4,0,4.5,72
421,Karl Joseph,CLE,0,14,0,0,0,0,0,0,0,0,0,1,0,2,5.1,72
422,Atlanta Falcons,ATL,0,16,0,0,0,0,0,0,0,0,29,12,14,9,4.5,72
423,Los Angeles Chargers,LAC,0,16,0,0,0,0,0,0,0,0,27,12,6,7,4.5,72
424,Kwon Alexander,NO,0,12,0,0,0,0,0,0,0,0,1,0,2,2,6,71.7
425,Alex Smith,WAS,QB,8,1582,6,8,3,0,0,0,0,0,0,0,0,8.9,71.58
426,Arik Armstead,SF,0,16,0,0,0,0,0,0,0,0,3.5,0,0,0,4.5,71.55
427,Dexter Lawrence,NYG,0,16,0,0,0,0,0,0,0,0,4,0,0,0,4.4,71.1
428,Sione Takitaki,CLE,0,15,0,0,0,0,0,0,0,0,1,1,0,0,4.7,71.1
429,Nevin Lawson SUS,LV,0,14,0,0,0,0,0,0,0,0,1,0,2,1,5.1,71
430,Denzel Ward,CLE,0,12,0,0,0,0,0,0,0,0,0,2,1,0,5.9,71
431,D.J. Reed,SEA,0,10,0,0,0,0,0,0,0,0,0,2,0,1,7.1,71
432,Frank Clark,KC,0,15,0,0,0,0,0,0,0,0,6,0,0,1,4.7,70.9
433,Dalvin Tomlinson,NYG,0,16,0,0,0,0,0,0,0,0,3.5,0,0,0,4.4,70.85
434,Boston Scott,PHI,RB,16,0,0,0,374,1,25,212,1,0,0,0,0,4.4,70.6
435,Dre'Mont Jones,DEN,0,13,0,0,0,0,0,0,0,0,6.5,0,0,0,5.4,70.6
436,Dre Kirkpatrick,ARI,0,14,0,0,0,0,0,0,0,0,0,3,0,0,5,70.5
437,Jimmie Ward,SF,0,14,0,0,0,0,0,0,0,0,0,0,2,0,5,70.5
438,Lamarcus Joyner,LV,0,14,0,0,0,0,0,0,0,0,0,0,0,0,5,70.5
439,Byron Murphy Jr.,ARI,0,15,0,0,0,0,0,0,0,0,2,0,0,2,4.7,70.5
440,Lonnie Johnson Jr.,HOU,0,16,0,0,0,0,0,0,0,0,0,0,0,0,4.4,70.5
441,Robert Spillane,PIT,0,12,0,0,0,0,0,0,0,0,2,1,0,1,5.9,70.5
442,Brian Hill,ATL,RB,16,0,0,0,465,1,25,199,0,0,0,0,0,4.4,70.4
443,Dallas Goedert,PHI,TE,11,0,0,0,0,0,46,524,3,0,0,0,0,6.4,70.4
444,Elandon Roberts,MIA,0,13,0,0,0,0,0,0,0,0,1.5,0,1,1,5.4,70.15
445,Jason Verrett,SF,0,13,0,0,0,0,0,0,0,0,0,2,0,0,5.4,70
446,Jake Elliott,PHI,0,16,0,0,0,0,0,0,0,0,0,0,0,0,4.4,70
447,Tennessee Titans,TEN,0,16,0,0,0,0,0,0,0,0,19,15,11,8,4.4,70
448,Scotty Miller,TB,WR,16,0,0,0,14,0,33,501,3,0,0,0,0,4.3,69.5
449,James Washington,PIT,WR,16,0,0,0,0,0,30,392,5,0,0,0,0,4.3,69.2
450,Breshad Perriman,NYJ,WR,12,0,0,0,6,0,30,505,3,0,0,0,0,5.8,69.1
451,Tre'Quan Smith,NO,WR,14,0,0,0,3,0,34,448,4,0,0,0,0,4.9,69.1
452,Jalen Guyton,LAC,WR,16,0,0,0,0,0,28,511,3,0,0,0,0,4.3,69.1
453,Carlos Dunlap,SEA,0,15,0,0,0,0,0,0,0,0,5.5,0,0,0,4.6,69
454,Ronald Darby,WAS,0,16,0,0,0,0,0,0,0,0,0,0,0,1,4.3,69
455,Darious Williams,LAR,0,16,0,0,0,0,0,0,0,0,0,4,0,0,4.3,69
456,Carlos Hyde,SEA,RB,10,0,0,0,356,4,16,93,0,0,0,0,0,6.9,68.9
457,Matt Milano,BUF,0,10,0,0,0,0,0,0,0,0,3.5,1,0,0,6.9,68.9
458,Jourdan Lewis,DAL,0,15,0,0,0,0,0,0,0,0,2,0,0,1,4.6,68.9
459,Devontae Booker,LV,RB,16,0,0,0,423,3,17,84,0,0,0,0,0,4.3,68.7
460,Anthony Hitchens,KC,0,14,0,0,0,0,0,0,0,0,0,0,0,0,4.9,68.5
461,Benson Mayowa,SEA,0,13,0,0,0,0,0,0,0,0,6,0,2,1,5.3,68.5
462,Irv Smith Jr.,MIN,TE,13,0,0,0,0,0,30,365,5,0,0,0,0,5.3,68.5
463,Sony Michel,NE,RB,9,0,0,0,449,1,7,114,1,0,0,0,0,7.6,68.3
464,Bilal Nichols,CHI,0,16,0,0,0,0,0,0,0,0,5,1,0,0,4.3,68.25
465,Dwayne Haskins Jr.,WAS,QB,7,1439,5,7,46,1,0,0,0,0,0,0,0,9.7,68.16
466,Micah Hyde,BUF,0,15,0,0,0,0,0,0,0,0,0,1,0,0,4.5,68
467,Kendall Fuller,WAS,0,14,0,0,0,0,0,0,0,0,0,4,0,0,4.9,68
468,Bless Austin,NYJ,0,11,0,0,0,0,0,0,0,0,0,0,1,0,6.2,68
469,Damiere Byrd,NE,WR,16,0,0,0,15,0,47,604,1,0,0,0,0,4.2,67.9
470,Deatrich Wise Jr.,NE,0,16,0,0,0,0,0,0,0,0,2.5,0,0,1,4.2,67.7
471,James White,NE,RB,14,0,0,0,121,2,49,375,1,0,0,0,0,4.8,67.6
472,Austin Hooper,CLE,TE,13,0,0,0,0,0,46,435,4,0,0,0,0,5.2,67.5
473,Damien Wilson,KC,0,13,0,0,0,0,0,0,0,0,0,0,1,0,5.2,67.5
474,Micah Kiser,LAR,0,9,0,0,0,0,0,0,0,0,0,0,1,0,7.5,67.5
475,Darius Slay,PHI,0,15,0,0,0,0,0,0,0,0,0,1,0,0,4.5,67
476,Lawrence Guy,NE,0,14,0,0,0,0,0,0,0,0,2,0,0,1,4.8,66.6
477,Morgan Fox,LAR,0,16,0,0,0,0,0,0,0,0,6,0,1,1,4.2,66.6
478,Desmond King II,TEN,0,15,0,0,0,0,0,0,0,0,2,0,0,1,4.4,66.2
479,Everson Griffen,DET,0,14,0,0,0,0,0,0,0,0,6,0,0,0,4.7,66.05
480,Buster Skrine,CHI,0,12,0,0,0,0,0,0,0,0,0,0,1,0,5.5,66
481,Rasul Douglas,CAR,0,14,0,0,0,0,0,0,0,0,0,0,0,0,4.7,66
482,Denico Autry,IND,0,14,0,0,0,0,0,0,0,0,7.5,0,0,0,4.7,65.85
483,Dan Arnold,ARI,TE,16,0,0,0,0,0,31,438,4,0,0,0,0,4.1,65.8
484,Steven Nelson,PIT,0,15,0,0,0,0,0,0,0,0,0,2,0,1,4.4,65.5
485,T.J. Carrie,IND,0,15,0,0,0,0,0,0,0,0,0,2,0,1,4.4,65.5
486,Marcus Williams,NO,0,14,0,0,0,0,0,0,0,0,0,3,0,0,4.7,65.5
487,Derek Barnett,PHI,0,13,0,0,0,0,0,0,0,0,5.5,0,0,0,5,65.4
488,Nik Needham,MIA,0,16,0,0,0,0,0,0,0,0,1,2,0,0,4.1,65.3
489,L.J. Fort,BAL,0,14,0,0,0,0,0,0,0,0,0,0,1,2,4.6,65
490,Michael Brockers,LAR,0,15,0,0,0,0,0,0,0,0,5,0,0,0,4.3,65
491,Jarrod Wilson,JAX,0,12,0,0,0,0,0,0,0,0,0,1,0,0,5.4,65
492,Jordan Fuller,LAR,0,12,0,0,0,0,0,0,0,0,0,3,0,0,5.4,65
493,New York Jets,NYJ,0,16,0,0,0,0,0,0,0,0,31,10,16,10,4.1,65
494,Benny Snell Jr.,PIT,RB,16,0,0,0,368,4,10,61,0,0,0,0,1,4.1,64.9
495,Kalen Ballage,LAC,RB,11,0,0,0,303,3,29,166,0,0,0,0,0,5.9,64.9
496,Dawuane Smoot,JAX,0,16,0,0,0,0,0,0,0,0,5.5,0,2,0,4,64.8
497,Allen Lazard,GB,WR,10,0,0,0,17,0,33,451,3,0,0,0,0,6.5,64.8
498,Tae Crowder,NYG,0,11,0,0,0,0,0,0,0,0,1,0,0,1,5.9,64.6
499,Ugo Amadi,SEA,0,14,0,0,0,0,0,0,0,0,0,0,1,0,4.6,64.5
500,Amani Hooker,TEN,0,16,0,0,0,4,0,0,0,0,0,4,0,0,4,64.4
501,Jimmy Garoppolo,SF,QB,6,1096,7,5,25,0,0,0,0,0,0,0,0,10.7,64.34
502,A.J. Green,CIN,WR,16,0,0,0,0,0,47,523,2,0,0,0,0,4,64.3
503,Andrew Sendejo,CLE,0,14,0,0,0,0,0,0,0,0,0,0,1,0,4.6,64
504,Xavier Woods,DAL,0,15,0,0,0,0,0,0,0,0,0,0,0,0,4.3,64
505,Odell Beckham Jr.,CLE,WR,7,18,0,0,72,1,23,319,3,0,0,0,0,9.1,63.82
506,John Brown,BUF,WR,9,0,0,0,0,0,33,458,3,0,0,0,0,7.1,63.8
507,Tyus Bowser,BAL,0,16,0,0,0,0,0,0,0,0,2,3,0,0,4,63.8
508,Isaiah McKenzie,BUF,WR,16,12,1,0,9,0,30,282,5,0,0,0,0,4,63.58
509,Xavier Rhodes,IND,0,16,0,0,0,0,0,0,0,0,0,2,0,0,3.9,63
510,Kevin King,GB,0,11,0,0,0,0,0,0,0,0,0,0,1,1,5.7,63
511,L'Jarius Sneed,KC,0,9,0,0,0,0,0,0,0,0,2,3,0,0,7,62.9
512,Kenny Young,LAR,0,16,0,0,0,0,0,0,0,0,1,1,0,1,3.9,62.8
513,Kyle Juszczyk,SF,0,16,0,0,0,64,2,19,202,4,0,0,0,0,3.9,62.6
514,Demarcus Robinson,KC,WR,16,0,0,0,0,0,45,466,3,0,0,0,0,3.9,62.6
515,Erik Harris,LV,0,14,0,0,0,0,0,0,0,0,0,0,1,0,4.5,62.5
516,Julian Love,NYG,0,16,0,0,0,0,0,0,0,0,0,1,0,0,3.9,62.5
517,Jerry Tillery,LAC,0,16,0,0,0,0,0,0,0,0,3,0,2,1,3.9,62.4
518,Brandon Jones,MIA,0,16,0,0,0,0,0,0,0,0,1,0,1,0,3.9,62.4
519,Randall Cobb,HOU,WR,10,0,0,0,0,0,38,441,3,0,0,0,0,6.2,62.1
520,Willie Snead IV,BAL,WR,13,0,0,0,0,0,33,432,3,0,0,0,0,4.7,61.2
521,Rashan Gary,GB,0,15,0,0,0,0,0,0,0,0,5,0,0,1,4.1,61.1
522,Grover Stewart,IND,0,16,0,0,0,0,0,0,0,0,0.5,0,0,0,3.8,60.85
523,Mike Glennon,JAX,QB,5,1072,7,5,17,0,0,0,0,0,0,0,0,12.1,60.58
524,Cameron Dantzler,MIN,0,11,0,0,0,0,0,0,0,0,0,2,1,1,5.5,60.5
525,Danny Amendola,DET,WR,14,0,0,0,2,0,46,602,0,0,0,0,0,4.3,60.4
526,John Simon,NE,0,16,0,0,0,0,0,0,0,0,2,0,0,0,3.8,60.3
527,Braxton Berrios,NYJ,WR,16,0,0,0,29,0,37,394,3,0,0,0,0,3.8,60.3
528,K.J. Hamler,DEN,WR,13,0,0,0,40,0,30,381,3,0,0,0,0,4.6,60.1
529,Alex Highsmith,PIT,0,16,0,0,0,0,0,0,0,0,2,1,0,0,3.8,60.1
530,Amani Oruwariye,DET,0,16,0,0,0,0,0,0,0,0,0,1,0,0,3.8,60
531,Matt Gay,LAR,0,7,0,0,0,0,0,0,0,0,0,0,0,0,8.6,60
532,Christian Wilkins,MIA,0,14,0,0,0,0,0,0,0,0,1.5,1,0,1,4.3,60
533,Sebastian Joseph-Day,LAR,0,16,0,0,0,0,0,0,0,0,1,0,1,0,3.8,60
534,Kevin Pierre-Louis,WAS,0,13,0,0,0,0,0,0,0,0,1,0,1,0,4.6,59.9
535,DaQuan Jones,TEN,0,16,0,0,0,0,0,0,0,0,2,0,1,0,3.7,59.8
536,Jeremiah Attaochu,DEN,0,13,0,0,0,0,0,0,0,0,5,0,1,0,4.6,59.7
537,Anthony Miller,CHI,WR,16,0,0,0,12,0,49,485,2,0,0,0,0,3.7,59.7
538,Tyron Johnson,LAC,WR,12,0,0,0,17,0,20,398,3,0,0,0,0,5,59.5
539,Brian Poole,NYJ,0,9,0,0,0,0,0,0,0,0,1,2,0,0,6.6,59
540,Phillip Lindsay,DEN,RB,11,0,0,0,502,1,7,28,0,0,0,0,0,5.4,59
541,Darius Phillips,CIN,0,12,0,0,0,0,0,0,0,0,0,1,2,0,4.9,59
542,Michael Pittman Jr.,IND,WR,13,0,0,0,26,0,40,503,1,0,0,0,0,4.5,58.9
543,Nick Vigil,LAC,0,15,0,0,0,0,0,0,0,0,2,0,1,2,3.9,58.8
544,Le'Veon Bell,KC,RB,11,0,0,0,328,2,16,138,0,0,0,0,0,5.3,58.6
545,Anthony Brown,DAL,0,10,0,0,0,0,0,0,0,0,1,2,0,1,5.9,58.6
546,Efe Obada,CAR,0,16,0,0,0,0,0,0,0,0,5.5,0,1,2,3.7,58.5
547,Andrew Wingard,JAX,0,13,0,0,0,0,0,0,0,0,0,2,0,1,4.5,58.5
548,Folorunso Fatukasi,NYJ,0,15,0,0,0,0,0,0,0,0,2,0,1,1,3.9,58.2
549,Joshua Kelley,LAC,RB,14,0,0,0,354,2,23,148,0,0,0,0,0,4.2,58.2
550,Javon Hargrave,PHI,0,15,0,0,0,0,0,0,0,0,4.5,0,0,1,3.9,58.1
551,Henry Ruggs III,LV,WR,13,0,0,0,49,0,26,452,2,0,0,0,0,4.5,58.1
552,Salvon Ahmed,MIA,RB,6,0,0,0,319,3,11,61,0,0,0,0,0,9.7,58
553,Larry Ogunjobi,CLE,0,15,0,0,0,0,0,0,0,0,2.5,0,1,0,3.9,57.8
554,Pernell McPhee,BAL,0,15,0,0,0,0,0,0,0,0,3,0,0,0,3.8,57.7
555,Shelby Harris,DEN,0,11,0,0,0,0,0,0,0,0,2.5,0,1,0,5.2,57.6
556,Julian Blackmon,IND,0,15,0,0,0,0,0,0,0,0,0,2,1,0,3.8,57.5
557,Jahlani Tavai,DET,0,16,0,0,0,0,0,0,0,0,0,0,2,1,3.6,57.5
558,Mario Addison,BUF,0,15,0,0,0,0,0,0,0,0,5,0,0,0,3.8,57.4
559,Poona Ford,SEA,0,16,0,0,0,0,0,0,0,0,2,0,1,0,3.6,57.4
560,Charvarius Ward,KC,0,14,0,0,0,0,0,0,0,0,1,0,0,0,4.1,57.4
561,Ed Oliver,BUF,0,16,0,0,0,0,0,0,0,0,3,0,1,0,3.6,57.2
562,Chris Conley,JAX,WR,15,0,0,0,0,0,40,471,2,0,0,0,0,3.8,57.1
563,Levi Wallace,BUF,0,12,0,0,0,0,0,0,0,0,0,2,0,0,4.8,57
564,Derrick Brown,CAR,0,16,0,0,0,0,0,0,0,0,2,0,0,0,3.6,57
565,Minnesota Vikings,MIN,0,16,0,0,0,0,0,0,0,0,23,15,11,7,3.6,57
566,Preston Williams,MIA,WR,8,0,0,0,0,0,18,288,4,0,0,0,0,7.1,56.8
567,Uchenna Nwosu,LAC,0,13,0,0,0,0,0,0,0,0,4.5,0,0,0,4.4,56.6
568,Bashaud Breeland,KC,0,11,0,0,0,0,0,0,0,0,0,2,1,1,5.1,56.5
569,William Jackson III,CIN,0,14,0,0,0,0,0,0,0,0,0,1,0,0,4,56.5
570,Randy Gregory,DAL,0,10,0,0,0,0,0,0,0,0,3.5,0,3,0,5.6,56.4
571,Duke Johnson,HOU,RB,11,0,0,0,235,1,28,249,1,0,0,0,0,5.1,56.4
572,Jayron Kearse,DET,0,11,0,0,0,0,0,0,0,0,0,0,1,0,5.1,56
573,Raven Greene,GB,0,10,0,0,0,0,0,0,0,0,1.5,1,1,0,5.6,55.85
574,Calais Campbell,BAL,0,12,0,0,0,0,0,0,0,0,4,0,0,0,4.6,55.75
575,Reggie Ragland,DET,0,16,0,0,0,0,0,0,0,0,1,0,1,0,3.5,55.7
576,Nathan Gerry,PHI,0,7,0,0,0,0,0,0,0,0,1,0,0,0,8,55.7
577,Jalen Ramsey,LAR,0,15,0,0,0,0,0,0,0,0,0,1,0,0,3.7,55.5
578,Cameron Sutton,PIT,0,16,0,0,0,0,0,0,0,0,1,1,3,1,3.5,55.5
579,Ifeadi Odenigbo,MIN,0,15,0,0,0,0,0,0,0,0,3.5,0,0,0,3.7,55.45
580,Trey Burton,IND,TE,13,0,0,0,3,2,28,250,3,0,0,0,0,4.3,55.3
581,Steven Means,ATL,0,16,0,0,0,0,0,0,0,0,3,0,2,0,3.5,55.3
582,Darren Fells,HOU,TE,16,0,0,0,0,0,21,312,4,0,0,0,0,3.4,55.2
583,Juston Burris,CAR,0,13,0,0,0,0,0,0,0,0,0,1,0,0,4.2,55
584,Jaylon Johnson,CHI,0,13,0,0,0,0,0,0,0,0,0,0,0,0,4.2,55
585,Kyle Dugger,NE,0,14,0,0,0,0,0,0,0,0,0,0,0,0,3.9,55
586,Leighton Vander Esch,DAL,0,10,0,0,0,0,0,0,0,0,1,0,1,0,5.5,55
587,Tyson Alualu,PIT,0,15,0,0,0,0,0,0,0,0,2,0,1,0,3.7,54.8
588,Ben Niemann,KC,0,15,0,0,0,0,0,0,0,0,1,0,1,2,3.7,54.8
589,Joe Flacco,NYJ,QB,5,864,6,3,22,0,0,0,0,0,0,0,0,11,54.76
590,Samaje Perine,CIN,RB,16,0,0,0,301,3,11,66,0,0,0,0,0,3.4,54.7
591,Ronnie Harrison Jr.,CLE,0,10,0,0,0,0,0,0,0,0,1,1,0,1,5.4,54.5
592,Cam Sims,WAS,WR,16,0,0,0,5,0,32,477,1,0,0,0,0,3.4,54.2
593,Landon Collins,WAS,0,7,0,0,0,0,0,0,0,0,2,1,1,0,7.7,54.1
594,Derek Wolfe,BAL,0,14,0,0,0,0,0,0,0,0,1,0,0,1,3.9,54
595,Bryce Callahan,DEN,0,10,0,0,0,0,0,0,0,0,0,2,0,1,5.4,54
596,Duke Riley,PHI,0,13,0,0,0,0,0,0,0,0,0.5,1,1,0,4.2,54
597,Keke Coutee,HOU,WR,8,0,0,0,0,0,33,400,3,0,0,0,0,6.8,54
598,Harvey Langi,NYJ,0,14,0,0,0,0,0,0,0,0,0,0,0,1,3.8,53.5
599,Rock Ya-Sin,IND,0,13,0,0,0,0,0,0,0,0,0,1,1,0,4.1,53.5
600,Ryan Neal,SEA,0,13,0,0,0,0,0,0,0,0,0,2,0,0,4.1,53.5
601,Carl Nassib,LV,0,14,0,0,0,0,0,0,0,0,2.5,1,0,0,3.8,53.1
602,Dennis Gardeck,ARI,0,14,0,0,0,0,0,0,0,0,7,0,0,1,3.8,53.1
603,Linval Joseph,LAC,0,16,0,0,0,0,0,0,0,0,0,0,0,0,3.3,53
604,Malik Jackson,PHI,0,15,0,0,0,0,0,0,0,0,2.5,0,0,1,3.5,53
605,Sam Ficken,NYJ,0,9,0,0,0,0,0,0,0,0,0,0,0,0,5.9,53
606,Tarvarius Moore,SF,0,16,0,0,0,0,0,0,0,0,0,0,1,1,3.3,53
607,Samuel Sloman,TEN,0,8,0,0,0,0,0,0,0,0,0,0,0,0,6.6,53
608,Emmanuel Moseley,SF,0,12,0,0,0,0,0,0,0,0,0,1,0,0,4.4,53
609,Jordyn Brooks,SEA,0,14,0,0,0,0,0,0,0,0,0,0,0,1,3.8,53
610,Jeff Okudah,DET,0,9,0,0,0,0,0,0,0,0,0,1,0,0,5.9,53
611,Kerryon Johnson,DET,RB,16,0,0,0,181,2,19,187,1,0,0,0,0,3.3,52.8
612,Bobby McCain,MIA,0,16,0,0,0,0,0,0,0,0,0,1,0,0,3.3,52.5
613,Samson Ebukam,LAR,0,16,0,0,0,0,0,0,0,0,4.5,0,1,0,3.3,52.5
614,C.J. Beathard,SF,QB,6,787,6,0,28,0,0,0,0,0,0,0,0,8.7,52.28
615,Adam Butler,NE,0,15,0,0,0,0,0,0,0,0,4,0,0,0,3.5,52.1
616,LeShaun Sims,CIN,0,13,0,0,0,0,0,0,0,0,0,1,0,0,4,52
617,Charles Omenihu,HOU,0,15,0,0,0,0,0,0,0,0,4,0,0,1,3.5,52
618,Chandon Sullivan,GB,0,16,0,0,0,0,0,0,0,0,0,1,0,0,3.2,52
619,Jacksonville Jaguars,JAX,0,16,0,0,0,0,0,0,0,0,18,12,12,5,3.2,52
620,Gerald Everett,LAR,TE,16,0,0,0,2,1,41,417,1,0,0,0,0,3.2,51.9
621,Golden Tate,NYG,WR,12,18,0,0,0,0,35,388,2,0,0,0,0,4.3,51.52
622,Clelin Ferrell,LV,0,11,0,0,0,0,0,0,0,0,2,0,2,0,4.7,51.2
623,Peyton Barber,WAS,RB,16,0,0,0,258,4,4,12,0,0,0,0,0,3.2,51
624,Miles Boykin,BAL,WR,16,0,0,0,0,0,19,266,4,0,0,0,0,3.2,50.6
625,Marcus Epps,PHI,0,14,0,0,0,0,0,0,0,0,0,2,0,0,3.6,50.5
626,Kendall Sheffield,ATL,0,13,0,0,0,0,0,0,0,0,0,0,1,0,3.9,50.5
627,Sammy Watkins,KC,WR,10,0,0,1,3,0,37,421,2,0,0,1,0,5,50.4
628,Jimmy Moreland,WAS,0,16,0,0,0,0,0,0,0,0,0.5,1,1,0,3.1,50.25
629,DeShawn Williams,DEN,0,14,0,0,0,0,0,0,0,0,2,1,0,0,3.6,50.2
630,Jalen Reagor,PHI,WR,11,0,0,0,26,0,31,396,1,0,0,0,0,4.6,50.2
631,Bradley Roby SUS,HOU,0,10,0,0,0,0,0,0,0,0,0,1,0,1,5,50
632,David Long Jr.,TEN,0,14,0,0,0,0,0,0,0,0,0,0,1,0,3.6,50
633,Denzel Perryman,LAC,0,13,0,0,0,0,0,0,0,0,1,0,1,0,3.8,49.9
634,Brandon Allen,CIN,QB,5,925,5,4,27,0,0,0,0,0,0,0,0,9.9,49.7
635,Casey Hayward Jr.,LAC,0,14,0,0,0,0,0,0,0,0,0,1,0,0,3.5,49.5
636,Nickell Robey-Coleman,PHI,0,15,0,0,0,0,0,0,0,0,0,0,1,1,3.3,49.5
637,Christian Jones,DET,0,16,0,0,0,0,0,0,0,0,0,0,0,0,3.1,49.5
638,Mackensie Alexander,CIN,0,13,0,0,0,0,0,0,0,0,0,1,0,0,3.8,49.5
639,Johnathan Hankins,LV,0,16,0,0,0,0,0,0,0,0,1,0,0,1,3.1,49.4
640,Mo Alie-Cox,IND,TE,15,0,0,0,0,0,31,394,2,0,0,0,0,3.3,49.4
641,Jacob Tuioti-Mariner,ATL,0,16,0,0,0,0,0,0,0,0,1,0,1,2,3.1,49.3
642,John Franklin-Myers,NYJ,0,15,0,0,0,0,0,0,0,0,3.5,0,0,2,3.3,49.3
643,Jordan Wilkins,IND,RB,15,0,0,0,308,1,12,105,0,0,0,0,0,3.3,49.3
644,Jarrad Davis,DET,0,14,0,0,0,0,0,0,0,0,0.5,0,2,0,3.5,49.1
645,Donte Jackson,CAR,0,14,0,0,0,0,0,0,0,0,0,3,0,0,3.5,49
646,Tyquan Lewis,IND,0,16,0,0,0,0,0,0,0,0,4,0,0,0,3.1,49
647,Zach Allen,ARI,0,13,0,0,0,0,0,0,0,0,2,0,0,0,3.8,48.8
648,Kenny Clark,GB,0,13,0,0,0,0,0,0,0,0,2,0,0,0,3.7,48.7
649,Javon Kinlaw,SF,0,14,0,0,0,0,0,0,0,0,1.5,1,0,0,3.4,48.25
650,Tre Flowers,SEA,0,12,0,0,0,0,0,0,0,0,0,0,1,0,4,48
651,Jaylon Ferguson,BAL,0,14,0,0,0,0,0,0,0,0,2,0,0,1,3.4,48
652,Houston Texans,HOU,0,16,0,0,0,0,0,0,0,0,34,3,9,8,3,48
653,Deebo Samuel,SF,WR,7,0,0,0,26,0,33,391,1,0,0,0,0,6.8,47.7
654,Jeff Heath,LV,0,13,0,0,0,1,0,0,0,0,0,3,0,0,3.7,47.6
655,Marcell Harris,SF,0,16,0,0,0,0,0,0,0,0,0,0,2,2,3,47.5
656,Ty Johnson,NYJ,RB,13,0,0,0,254,1,16,99,1,0,0,0,0,3.6,47.3
657,Jordan Reed,SF,TE,10,0,0,0,0,0,26,231,4,0,0,0,0,4.7,47.1
658,Willie Gay,KC,0,16,0,0,0,0,0,0,0,0,1,0,1,0,2.9,47.1
659,Tahir Whitehead,CAR,0,14,0,0,0,0,0,0,0,0,0,1,0,1,3.4,47
660,Taylor Rapp,LAR,0,9,0,0,0,0,0,0,0,0,0,1,1,0,5.2,47
661,Mark Ingram II,BAL,RB,11,0,0,0,299,2,6,50,0,0,0,0,0,4.3,46.9
662,Larry Fitzgerald,ARI,WR,13,0,0,0,0,0,54,409,1,0,0,0,0,3.6,46.9
663,Tyler Eifert,JAX,TE,15,0,0,0,0,0,36,349,2,0,0,1,0,3.1,46.9
664,Quintez Cephus,DET,WR,13,0,0,0,0,0,20,349,2,0,0,0,0,3.6,46.9
665,Jordan Akins,HOU,TE,13,0,0,0,4,0,37,403,1,0,0,0,0,3.6,46.7
666,Josh Norman,BUF,0,9,0,0,0,0,0,0,0,0,0,1,1,2,5.2,46.5
667,Richard Rodgers,PHI,TE,14,0,0,0,0,0,24,345,2,0,0,0,0,3.3,46.5
668,Darryl Roberts,DET,0,11,0,0,0,0,0,0,0,0,0,1,0,0,4.2,46.5
669,P.J. Williams,NO,0,15,0,0,0,0,0,0,0,0,0,1,0,2,3.1,46.5
670,Marquis Haynes,CAR,0,15,0,0,0,0,0,0,0,0,4,0,1,2,3.1,46.4
671,Justin Jackson,LAC,RB,9,0,0,0,270,0,19,173,0,0,0,0,0,5.1,46.3
672,Isaac Yiadom,NYG,0,16,0,0,0,0,0,0,0,0,0.5,0,0,0,2.9,46.25
673,Barkevious Mingo,CHI,0,16,0,0,0,11,0,0,0,0,2.5,0,0,0,2.9,46.15
674,Byron Jones,MIA,0,14,0,0,0,0,0,0,0,0,0,2,1,0,3.3,46
675,Joe Thomas,DAL,0,15,0,0,0,0,0,0,0,0,0,0,0,0,3.1,46
676,Keion Crossen,HOU,0,16,0,0,0,0,0,0,0,0,0,0,0,0,2.9,46
677,Logan Wilson,CIN,0,12,0,0,0,0,0,0,0,0,1,2,0,0,3.8,46
678,Quinton Jefferson,BUF,0,16,0,0,0,0,0,0,0,0,3,0,1,1,2.9,45.9
679,Zach Kerr,CAR,0,13,0,0,0,0,0,0,0,0,2,0,1,0,3.5,45.85
680,Jack Crawford,TEN,0,16,0,0,0,0,0,0,0,0,2,0,1,0,2.9,45.8
681,Kenny Golladay,DET,WR,5,0,0,0,0,0,20,338,2,0,0,0,0,9.2,45.8
682,Robert Quinn,CHI,0,15,0,0,0,0,0,0,0,0,2,0,3,1,3,45.7
683,Justin Hollins,LAR,0,16,0,0,0,0,0,0,0,0,3,0,1,0,2.9,45.7
684,Jakeem Grant Sr.,MIA,WR,14,0,0,0,20,0,36,373,1,0,0,0,0,3.2,45.3
685,Kyle Allen,WAS,QB,4,610,4,1,26,1,0,0,0,0,0,0,0,11.2,45
686,Carl Granderson,NO,0,15,0,0,0,0,0,0,0,0,5,0,2,0,3,45
687,Mykal Walker,ATL,0,16,0,0,0,0,0,0,0,0,0,0,1,0,2.8,45
688,Cincinnati Bengals,CIN,0,16,0,0,0,0,0,0,0,0,17,11,10,6,2.8,45
689,Darian Thompson,DAL,0,15,0,0,0,3,0,0,0,0,0,1,1,0,3,44.8
690,Kingsley Keke,GB,0,15,0,0,0,0,0,0,0,0,4,0,1,0,3,44.7
691,Anthony Firkser,TEN,TE,16,0,0,0,0,0,39,387,1,0,0,0,0,2.8,44.7
692,Chris Banjo,ARI,0,13,0,0,0,0,0,0,0,0,0,0,0,0,3.4,44.5
693,Chidobe Awuzie,DAL,0,8,0,0,0,0,0,0,0,0,0,1,0,1,5.6,44.5
694,Donovan Peoples-Jones,CLE,WR,12,0,0,0,0,0,14,304,2,0,0,0,0,3.7,44.4
695,Ryan Kerrigan,WAS,0,16,0,0,0,0,0,0,0,0,5.5,0,0,1,2.8,44.3
696,Chris Board,BAL,0,16,0,0,0,0,0,0,0,0,2.5,0,1,0,2.8,44.1
697,Juan Thornhill,KC,0,16,0,0,0,0,0,0,0,0,0,1,0,0,2.8,44
698,Michael Thomas,NO,WR,7,0,0,0,1,0,40,438,0,0,0,0,0,6.3,43.9
699,Jordan Jenkins,NYJ,0,12,0,0,0,0,0,0,0,0,2,0,1,0,3.7,43.85
700,D.J. Wonnum,MIN,0,14,0,0,0,0,0,0,0,0,3,0,1,0,3.1,43.6
701,Stephon Gilmore,NE,0,11,0,0,0,0,0,0,0,0,0,1,1,0,4,43.5
702,Terez Hall,NE,0,7,0,0,0,0,0,0,0,0,0,0,0,0,6.2,43.5
703,C.J. Henderson,JAX,0,8,0,0,0,0,0,0,0,0,0,1,1,0,5.4,43.5
704,Johnathan Joseph,ARI,0,11,0,0,0,0,0,0,0,0,0,1,1,0,3.9,43
705,Trey Flowers,DET,0,7,0,0,0,0,0,0,0,0,2,0,2,1,6.1,43
706,Dawson Knox,BUF,TE,12,0,0,0,0,0,24,288,3,0,0,0,0,3.6,42.8
707,Chris Herndon,NYJ,TE,16,0,0,0,0,0,31,287,3,0,0,0,0,2.7,42.7
708,Cordarrelle Patterson,CHI,RB,16,0,0,0,232,1,21,132,0,0,0,0,0,2.6,42.4
709,Kevin Johnson,CLE,0,13,0,0,0,0,0,0,0,0,0.5,0,1,1,3.3,42.4
710,Jaleel Johnson,MIN,0,16,0,0,0,0,0,0,0,0,1.5,0,0,0,2.6,42.35
711,Marvin Hall,CLE,WR,12,0,0,0,1,0,18,302,2,0,0,0,0,3.5,42.3
712,Whitney Mercilus,HOU,0,13,0,0,0,0,0,0,0,0,4,0,0,1,3.2,42.2
713,Alton Robinson,SEA,0,14,0,0,0,0,0,0,0,0,4,0,1,0,3,42.1
714,Darqueze Dennard,ATL,0,8,0,0,0,0,0,0,0,0,0,1,0,0,5.2,42
715,Avonte Maddox,PHI,0,10,0,0,0,0,0,0,0,0,0,0,0,0,4.2,42
716,Rashad Fenton,KC,0,16,0,0,0,0,0,0,0,0,0,1,0,0,2.6,42
717,Dante Fowler Jr.,ATL,0,14,0,0,0,0,0,0,0,0,3,0,0,0,3,41.55
718,Zach Ertz,PHI,TE,11,0,0,0,0,0,36,335,1,0,0,0,0,3.8,41.5
719,Sidney Jones IV,JAX,0,9,0,0,0,0,0,0,0,0,0,2,1,0,4.6,41.5
720,Bryce Hall,NYJ,0,8,0,0,0,0,0,0,0,0,0,1,0,0,5.2,41.5
721,La'Mical Perine,NYJ,RB,10,0,0,0,232,2,11,63,0,0,0,0,0,4.2,41.5
722,Dean Lowry,GB,0,16,0,0,0,0,0,0,0,0,3,0,0,0,2.6,41.4
723,Richie James Jr.,SF,WR,10,0,0,0,0,0,23,394,1,0,0,0,0,4.1,41.4
724,Darnay Holmes,NYG,0,12,0,0,0,0,0,0,0,0,0.5,1,0,1,3.4,41.35
725,Collin Johnson,JAX,WR,14,0,0,0,0,0,18,272,2,0,0,0,0,2.9,41.2
726,Jack Doyle,IND,TE,14,0,0,0,0,0,23,251,3,0,0,0,0,2.9,41.1
727,Corn Elder,CAR,0,16,0,0,0,0,0,0,0,0,0,0,1,0,2.6,41
728,N'Keal Harry,NE,WR,14,0,0,0,0,0,33,309,2,0,0,0,0,2.9,40.9
729,Jacob Hollister,SEA,TE,16,0,0,0,0,0,25,209,3,0,0,0,0,2.6,40.9
730,Adam Gotsis,JAX,0,16,0,0,0,0,0,0,0,0,0,0,1,0,2.5,40.5
731,Dorance Armstrong,DAL,0,16,0,0,0,0,0,0,0,0,0,0,1,2,2.5,40.5
732,Henry Anderson,NYJ,0,16,0,0,0,0,0,0,0,0,0.5,0,0,0,2.5,40.45
733,Ito Smith,ATL,RB,14,0,0,0,268,1,17,75,0,0,0,0,0,2.9,40.3
734,Cameron Brate,TB,TE,16,0,0,0,0,0,28,282,2,0,0,0,0,2.5,40.2
735,Chris Harris Jr.,LAC,0,9,0,0,0,0,0,0,0,0,0.5,1,0,0,4.4,40.05
736,Carlos Watkins,HOU,0,16,0,0,0,0,0,0,0,0,2,0,0,1,2.5,40
737,Chris Claybrooks,JAX,0,13,0,0,0,0,0,0,0,0,0,0,0,0,3.1,40
738,DeeJay Dallas,SEA,RB,12,0,0,0,108,2,17,111,1,0,0,0,0,3.3,39.9
739,Tershawn Wharton,KC,0,16,0,0,0,0,0,0,0,0,2,0,1,1,2.5,39.7
740,Mario Edwards Jr. SUS,CHI,0,15,0,0,0,0,0,0,0,0,4,0,0,0,2.6,39.6
741,Tim Settle,WAS,0,16,0,0,0,0,0,0,0,0,5,0,0,0,2.5,39.6
742,Vinny Curry,PHI,0,11,0,0,0,0,0,0,0,0,3,0,0,1,3.6,39.5
743,Brent Urban,CHI,0,16,0,0,0,0,0,0,0,0,2.5,0,0,0,2.5,39.5
744,Devon Kennard,ARI,0,13,0,0,0,0,0,0,0,0,3,0,0,0,3,39.5
745,Jermaine Carter,CAR,0,16,0,0,0,0,0,0,0,0,0,0,0,1,2.5,39.5
746,Dean Marlowe,BUF,0,15,0,0,0,0,0,0,0,0,1.5,2,0,1,2.6,39.4
747,DeMarcus Walker,DEN,0,13,0,0,0,0,0,0,0,0,4.5,0,1,0,3,39.3
748,DaeSean Hamilton,DEN,WR,16,0,0,0,0,0,23,293,2,0,0,0,0,2.5,39.3
749,Tavierre Thomas,CLE,0,16,0,0,0,0,0,0,0,0,1,0,1,0,2.4,39.2
750,Jason McCourty,NE,0,16,0,0,0,0,0,0,0,0,0,0,0,0,2.4,39
751,K'Waun Williams,SF,0,8,0,0,0,0,0,0,0,0,2,0,1,0,4.9,39
752,Quinton Dunbar,SEA,0,6,0,0,0,0,0,0,0,0,0,1,0,0,6.5,39
753,Aldrick Rosas,JAX,0,6,0,0,0,0,0,0,0,0,0,0,0,0,6.5,39
754,Las Vegas Raiders,LV,0,16,0,0,0,0,0,0,0,0,21,10,8,5,2.4,39
755,Dion Jordan,SF,0,13,0,0,0,0,0,0,0,0,3,0,1,1,3,38.9
756,Drew Sample,CIN,TE,16,0,0,0,0,0,40,349,1,0,0,0,0,2.4,38.9
757,Mike Danna,KC,0,13,0,0,0,0,0,0,0,0,2.5,0,0,0,3,38.75
758,Al-Quadin Muhammad,IND,0,16,0,0,0,0,0,0,0,0,2,0,1,0,2.4,38.7
759,L.J. Collier,SEA,0,16,0,0,0,0,0,0,0,0,3,0,0,0,2.4,38.6
760,Angelo Blackson,ARI,0,16,0,0,0,0,0,0,0,0,2.5,0,0,0,2.4,38.55
761,Azeez Al-Shaair,SF,0,16,0,0,0,0,0,0,0,0,0,1,1,0,2.4,38.5
762,Jacob Martin,HOU,0,14,0,0,0,0,0,0,0,0,3,0,1,1,2.7,38.3
763,Arthur Maulet,NYJ,0,11,0,0,0,0,0,0,0,0,1,1,0,0,3.5,38.3
764,A.J. Dillon,GB,RB,11,0,0,0,242,2,2,21,0,0,0,0,0,3.5,38.3
765,Dion Lewis,NYG,RB,16,0,0,0,115,2,19,127,1,0,0,0,0,2.4,38.2
766,Justin Jones,LAC,0,13,0,0,0,0,0,0,0,0,1,0,0,0,2.9,38
767,Malik Harrison,BAL,0,16,0,0,0,0,0,0,0,0,0,0,0,0,2.4,38
768,A.J. Moore Jr.,HOU,0,11,0,0,0,0,0,0,0,0,1,0,1,0,3.5,38
769,Troy Pride Jr.,CAR,0,14,0,0,0,0,0,0,0,0,0,0,0,0,2.7,38
770,Harrison Bryant,CLE,TE,15,0,0,0,0,0,24,238,3,0,0,0,0,2.5,37.8
771,Alfred Morris,NYG,RB,9,0,0,0,238,1,3,19,1,0,0,0,0,4.2,37.7
772,Denzel Mims,NYJ,WR,9,0,0,0,0,0,23,357,0,0,0,0,0,4.2,37.7
773,Isaac Rochell,LAC,0,16,0,0,0,0,0,0,0,0,2.5,0,0,0,2.3,37.55
774,Kyle Rudolph,MIN,TE,12,0,0,0,0,0,28,334,1,0,0,0,0,3.1,37.4
775,Danny Shelton,DET,0,12,0,0,0,0,0,0,0,0,1,0,0,0,3.1,37.2
776,Will Dissly,SEA,TE,16,0,0,0,0,0,24,251,2,0,0,0,0,2.3,37.1
777,John Penisini,DET,0,16,0,0,0,0,0,0,0,0,1,0,0,1,2.3,37
778,Jamar Taylor,SF,0,8,0,0,0,0,0,0,0,0,1,2,0,0,4.6,36.7
779,Will Parks,DEN,0,10,0,0,0,0,0,0,0,0,1,0,0,0,3.7,36.6
780,Kamu Grugier-Hill,MIA,0,15,0,0,0,0,0,0,0,0,1,0,0,1,2.4,36.5
781,Darrel Williams,KC,RB,13,0,0,0,169,1,18,116,0,0,0,0,0,2.8,36.5
782,Derrick Nnadi,KC,0,15,0,0,0,0,0,0,0,0,0,0,0,0,2.4,36.5
783,Adrian Clayborn,CLE,0,15,0,0,0,0,0,0,0,0,3.5,0,1,0,2.4,36.3
784,DaVon Hamilton,JAX,0,11,0,0,0,0,0,0,0,0,1,0,0,1,3.3,36
785,Yetur Gross-Matos,CAR,0,12,0,0,0,0,0,0,0,0,2.5,0,1,0,3,35.95
786,Frankie Luvu,NYJ,0,13,0,0,0,0,0,0,0,0,2,0,0,0,2.8,35.9
787,Hercules Mata'afa,MIN,0,13,0,0,0,0,0,0,0,0,2.5,0,0,0,2.8,35.8
788,Alex Okafor,KC,0,11,0,0,0,0,0,0,0,0,3,0,1,0,3.2,35.75
789,D.J. Jones,SF,0,14,0,0,0,0,0,0,0,0,3,0,0,0,2.5,35.6
790,Bradley McDougald,NYJ,0,7,0,0,0,0,0,0,0,0,0,0,0,1,5.1,35.5
791,Alex Anzalone,NO,0,16,0,0,0,0,0,0,0,0,0,0,0,0,2.2,35.5
792,Ashtyn Davis,NYJ,0,10,0,0,0,0,0,0,0,0,0,0,0,1,3.6,35.5
793,Cody Barton,SEA,0,16,0,0,0,0,0,0,0,0,0,0,2,0,2.2,35.5
794,Tanoh Kpassagnon,KC,0,16,0,0,0,0,0,0,0,0,1,0,0,0,2.2,35.3
795,Julian Edelman,NE,WR,6,38,0,0,22,0,21,315,0,0,0,0,0,5.9,35.22
796,Tevaughn Campbell,LAC,0,14,0,0,0,0,0,0,0,0,0,1,1,0,2.5,35
797,Kris Boyd,MIN,0,10,0,0,0,0,0,0,0,0,0,0,1,0,3.5,35
798,Adam Humphries,TEN,WR,7,0,0,0,0,0,23,228,2,0,0,0,0,5,34.8
799,Sheldon Rankins,NO,0,12,0,0,0,0,0,0,0,0,1.5,0,0,0,2.9,34.75
800,Marcus Davenport,NO,0,11,0,0,0,0,0,0,0,0,1.5,0,0,0,3.2,34.75
801,Cedrick Wilson,DAL,WR,16,23,1,0,-12,0,17,189,2,0,0,1,0,2.2,34.62
802,M.J. Stewart Jr.,CLE,0,15,0,0,0,0,0,0,0,0,1,2,0,0,2.3,34.6
803,Mack Wilson,CLE,0,13,0,0,0,0,0,0,0,0,0,0,0,0,2.7,34.5
804,Jimmy Smith,BAL,0,11,0,0,0,0,0,0,0,0,1,0,0,1,3.1,34.1
805,Deshazor Everett,WAS,0,11,0,0,0,0,0,0,0,0,0,0,1,0,3.1,34
806,Cole Kmet,CHI,TE,16,0,0,0,-3,0,28,243,2,0,0,0,0,2.1,34
807,Sergio Castillo,NYJ,0,6,0,0,0,0,0,0,0,0,0,0,0,0,5.7,34
808,Devante Downs,NYG,0,16,0,0,0,0,0,0,0,0,0,0,0,1,2.1,34
809,Akeem Davis-Gaither,CIN,0,16,0,0,0,0,0,0,0,0,0.5,1,0,0,2.1,34
810,Ty Summers,GB,0,16,0,0,0,0,0,0,0,0,0,0,0,0,2.1,34
811,Shamar Stephen,MIN,0,16,0,0,0,0,0,0,0,0,0.5,0,0,0,2.1,33.95
812,Donald Parham Jr.,LAC,TE,13,0,0,0,0,0,10,159,3,0,0,0,0,2.6,33.9
813,Jihad Ward,BAL,0,10,0,0,0,0,0,0,0,0,3,0,0,0,3.4,33.8
814,Cre'Von LeBlanc,PHI,0,9,0,0,0,0,0,0,0,0,1,0,1,1,3.8,33.8
815,Andy Isabella,ARI,WR,13,0,0,0,-6,0,21,224,2,0,0,0,0,2.6,33.8
816,Jabaal Sheard,NYG,0,10,0,0,0,0,0,0,0,0,1.5,0,1,0,3.4,33.55
817,Jadeveon Clowney,TEN,0,8,0,0,0,0,0,0,0,0,0,0,1,0,4.2,33.5
818,Ricardo Allen,ATL,0,12,0,0,0,0,0,0,0,0,0,2,0,0,2.8,33.5
819,Shilique Calhoun,NE,0,10,0,0,0,0,0,0,0,0,2,0,2,0,3.4,33.5
820,Jaquiski Tartt,SF,0,7,0,0,0,0,0,0,0,0,0,1,0,0,4.8,33.5
821,Breon Borders,TEN,0,6,0,0,0,0,0,0,0,0,0,1,0,0,5.6,33.5
822,Jalyn Holmes,MIN,0,14,0,0,0,0,0,0,0,0,0,0,0,0,2.4,33.5
823,Olamide Zaccheaus,ATL,WR,11,0,0,0,0,0,20,274,1,0,0,0,0,3,33.4
824,David Njoku,CLE,TE,13,0,0,0,0,0,19,213,2,0,0,0,0,2.6,33.3
825,Justin Zimmer,BUF,0,12,0,0,0,0,0,0,0,0,1,0,1,0,2.8,33
826,Matt Breida,MIA,RB,12,0,0,0,254,0,9,96,0,0,0,0,0,2.8,33
827,Adam Shaheen,MIA,TE,16,0,0,0,0,0,12,150,3,0,0,0,0,2.1,33
828,Todd Davis,MIN,0,11,0,0,0,0,0,0,0,0,1,0,0,0,3,32.9
829,John Cominsky,ATL,0,13,0,0,0,0,0,0,0,0,1,0,0,1,2.5,32.9
830,Durham Smythe,MIA,TE,15,0,0,0,0,0,26,208,2,0,0,0,0,2.2,32.8
831,Brandon Williams,BAL,0,13,0,0,0,0,0,0,0,0,0,0,0,0,2.5,32.5
832,B.J. Hill,NYG,0,16,0,0,0,0,0,0,0,0,1,0,0,0,2,32.4
833,P.J. Hall,HOU,0,10,0,0,0,0,0,0,0,0,1,0,0,0,3.2,32.2
834,Tyeler Davison,ATL,0,16,0,0,0,0,0,0,0,0,0.5,0,0,0,2,32.1
835,Jordan Phillips,ARI,0,9,0,0,0,0,0,0,0,0,2,0,2,1,3.6,32.1
836,Jalen Richard,LV,RB,13,0,0,0,123,1,19,138,0,0,0,0,0,2.5,32.1
837,Troy Apke,WAS,0,16,0,0,0,0,0,0,0,0,0,0,0,0,2,32
838,Javelin Guidry,NYJ,0,11,0,0,0,0,0,0,0,0,0,0,4,0,2.9,32
839,Jeremy McNichols,TEN,RB,16,0,0,0,204,1,12,55,0,0,0,0,0,2,31.9
840,Raekwon Davis,MIA,0,16,0,0,0,0,0,0,0,0,0,0,0,0,2,31.9
841,Trent Murphy,BUF,0,10,0,0,0,0,0,0,0,0,2,0,0,0,3.2,31.6
842,Will Harris,DET,0,16,0,0,0,0,0,0,0,0,0,0,0,0,2,31.5
843,Maurice Hurst,LV,0,11,0,0,0,0,0,0,0,0,0.5,0,0,0,2.9,31.5
844,Anthony Averett,BAL,0,10,0,0,0,0,0,0,0,0,0,0,0,0,3.2,31.5
845,K'Lavon Chaisson,JAX,0,16,0,0,0,0,0,0,0,0,1,0,0,0,2,31.3
846,Kevin Givens,SF,0,13,0,0,0,0,0,0,0,0,1,0,0,1,2.4,31.2
847,Bravvion Roy,CAR,0,15,0,0,0,0,0,0,0,0,1,0,0,0,2.1,31.1
848,Byron Cowart,NE,0,14,0,0,0,0,0,0,0,0,1,0,0,0,2.2,31.1
849,Nathan Shepherd,NYJ,0,14,0,0,0,0,0,0,0,0,2.5,0,0,0,2.2,31.05
850,Doug Costin,JAX,0,12,0,0,0,0,0,0,0,0,0,0,0,1,2.6,31
851,DeSean Jackson,PHI,WR,5,0,0,0,12,0,14,236,1,0,0,0,0,6.2,30.8
852,Charles Harris,ATL,0,13,0,0,0,0,0,0,0,0,3,0,0,0,2.4,30.8
853,Josh Adams,NYJ,RB,8,0,0,0,157,2,6,29,0,0,0,0,0,3.8,30.6
854,Benardrick McKinney,HOU,0,4,0,0,0,0,0,0,0,0,0,0,0,0,7.6,30.5
855,Tavon Wilson,IND,0,15,0,0,0,0,0,0,0,0,0,0,0,1,2,30.5
856,Justin Coleman,DET,0,11,0,0,0,0,0,0,0,0,0,0,0,0,2.8,30.5
857,Ross Dwelley,SF,TE,16,0,0,0,0,0,19,245,1,0,0,0,0,1.9,30.5
858,Desmond Trufant,DET,0,6,0,0,0,0,0,0,0,0,1,1,0,0,5,30.3
859,Steven Sims Jr.,WAS,WR,12,0,0,0,18,0,27,265,1,0,0,0,0,2.5,30.3
860,Josh Allen,JAX,0,8,0,0,0,0,0,0,0,0,2.5,0,0,0,3.8,30.2
861,Neville Gallimore,DAL,0,14,0,0,0,0,0,0,0,0,0.5,0,0,0,2.2,30.2
862,Chad Beebe,MIN,WR,14,0,0,0,0,0,20,201,2,0,0,0,0,2.2,30.1
863,Sheldrick Redwine,CLE,0,15,0,0,0,0,0,0,0,0,0.5,1,0,0,2,30.1
864,Jeff Driskel,DEN,QB,3,432,3,2,28,0,0,0,0,0,0,0,0,10,30.08
865,Lamar Jackson,NYJ,0,13,0,0,0,0,0,0,0,0,0,0,0,0,2.3,30
866,Essang Bassey,DEN,0,12,0,0,0,0,0,0,0,0,0,1,0,0,2.5,30
867,Greg Olsen,SEA,TE,11,0,0,0,0,0,24,239,1,0,0,0,0,2.7,29.9
868,Tyler Kroft,BUF,TE,10,0,0,0,0,0,12,119,3,0,0,0,0,3,29.9
869,Jordan Howard,PHI,RB,7,0,0,0,60,4,1,-3,0,0,0,0,0,4.2,29.7
870,Chad Hansen,HOU,WR,5,0,0,0,0,0,17,236,1,0,0,0,0,5.9,29.6
871,Christian Covington,CIN,0,16,0,0,0,0,0,0,0,0,0,0,0,0,1.8,29.4
872,Jeremy Reaves,WAS,0,9,0,0,0,0,0,0,0,0,1,1,0,0,3.3,29.4
873,Devin Bush,PIT,0,5,0,0,0,0,0,0,0,0,1,0,0,0,5.9,29.35
874,Dontae Johnson,SF,0,14,0,0,0,0,0,0,0,0,1,0,0,0,2.1,29.1
875,Devonta Freeman,NYG,RB,5,0,0,0,172,1,7,58,0,0,0,0,0,5.8,29
876,David Mayo,NYG,0,11,0,0,0,0,0,0,0,0,0,0,1,0,2.6,29
877,Tyler Johnson,TB,WR,14,0,0,0,0,0,12,169,2,0,0,0,0,2.1,28.9
878,Michael Jacquet,PHI,0,7,0,0,0,0,0,0,0,0,1,0,1,1,4.1,28.9
879,Marcedes Lewis,GB,TE,15,0,0,0,0,0,10,107,3,0,0,0,0,1.9,28.7
880,Marcus Allen,PIT,0,14,0,0,0,0,0,0,0,0,0,0,0,0,2,28.5
881,Anthony Nelson,TB,0,16,0,0,0,0,0,0,0,0,1,0,0,0,1.8,28.5
882,Dontrelle Inman,WAS,WR,10,0,0,0,0,0,18,163,2,0,0,0,0,2.8,28.3
883,Pharaoh Brown,HOU,TE,13,0,0,0,0,0,14,163,2,0,0,0,0,2.2,28.3
884,Jake Luton,JAX,QB,3,624,2,6,13,1,0,0,0,0,0,0,0,9.4,28.26
885,Mike Nugent,ARI,0,4,0,0,0,0,0,0,0,0,0,0,0,0,7,28
886,A.J. Bouye SUS,DEN,0,7,0,0,0,0,0,0,0,0,0,0,0,0,4,28
887,Daniel Thomas,JAX,0,10,0,0,0,0,0,0,0,0,0,1,0,0,2.8,28
888,Shy Tuttle,NO,0,13,0,0,0,0,0,0,0,0,0,0,0,0,2.2,28
889,Freddie Swain,SEA,WR,16,0,0,0,0,0,13,159,2,0,0,0,1,1.7,27.9
890,Bryce Huff,NYJ,0,14,0,0,0,0,0,0,0,0,2,0,0,0,2,27.9
891,Van Jefferson,LAR,WR,16,0,0,0,-1,0,19,220,1,0,0,0,0,1.7,27.9
892,Jordan Willis,SF,0,9,0,0,0,0,0,0,0,0,2.5,0,0,1,3.1,27.85
893,Kamal Martin,GB,0,10,0,0,0,0,0,0,0,0,1,0,0,0,2.8,27.8
894,Deonte Harris,NO,WR,9,0,0,0,51,0,20,186,1,0,0,0,0,3.1,27.7
895,Isaiah Ford,MIA,WR,10,0,0,0,0,0,28,276,0,0,0,0,0,2.8,27.6
896,Malcom Brown,NO,0,13,0,0,0,0,0,0,0,0,1,0,0,0,2.1,27.5
897,Will Redmond,GB,0,13,0,0,0,0,0,0,0,0,0,0,0,0,2.1,27.5
898,Holton Hill,MIN,0,4,0,0,0,0,0,0,0,0,1,0,0,0,6.9,27.5
899,Rodney Smith,CAR,RB,7,0,0,0,156,1,9,59,0,0,0,0,0,3.9,27.5
900,Nick Williams,DET,0,14,0,0,0,0,0,0,0,0,1,0,0,0,2,27.4
